INSERT INTO nhomQuyen ("ma_nhomQuyen","ten_nhomQuyen") VALUES 
('3fa85f64-5717-4562-b3fc-2c963f66afa6', 'admin'), 
('3fa85f64-5717-4562-b3fc-2c963f62bfa6', 'users'); 

INSERT INTO taiKhoan ("ma_taiKhoan", "ma_nhomQuyen", "hoTen", "email", "matKhau", "dienThoai", "anhDaiDien") VALUES
('6b157e9a-4f74-4ee8-a893-06bc950f4272', '3fa85f64-5717-4562-b3fc-2c963f62bfa6', 'Lâm Tuấn Kiệt', 'lamtuankiet@gmail.com', '$2a$10$K1PwTicSjS8a5NsJlPny4.EAuGD5IbcHlXQbejkDSPxWoWcen3cKq', '0992820560', 'canhan1'),
('4f9fd63a-c80a-493f-b229-3cc83acd7b4b', '3fa85f64-5717-4562-b3fc-2c963f62bfa6', 'Do Van I', 'doani@gmail.com', '$2a$10$a9aNtDE./je9PcjSAMNTVuLZ3znaFuEGQy8LVKw5kckPyLbRtMvPa', '0987654321', 'canhan2'),
('2493643f-576b-4bea-ad12-3ffa3558eb3e', '3fa85f64-5717-4562-b3fc-2c963f62bfa6', 'Pham Thi D', 'phamthid@gmail.com', '$2a$10$gKnRwbi0mQ/yNU2UxQpBh.7WYjop9TPRhCyNVLro8AqLwuVQVkSay', '0123456789', 'canhan3'),
('bb3cda85-8fe3-4894-9e4e-4083a2f38319', '3fa85f64-5717-4562-b3fc-2c963f62bfa6', 'Le Van C', 'levanc@gmail.com', '$2a$10$.d9me7XZoibB.SXDuhvltOGVVAKnhvMgg55r/QgxTWgQNMyl5IM9G', '0987654321', 'canhan4'),
('778a38a9-f8bb-4a68-85b7-58343d9042bb', '3fa85f64-5717-4562-b3fc-2c963f62bfa6', 'Tran Van Q', 'tranvq@gmail.com', '$2a$10$cB6kRUpnjDwtug5P9k2bS.ZCgZ5hNsecPDZQnGA4FY.9mvxX6dzVe', '0987654321', 'canhan5'),
('1602102f-60f2-4b87-8992-6070fb969516', '3fa85f64-5717-4562-b3fc-2c963f62bfa6', 'Truong Thi F', 'truongtf@gmail.com', '$2a$10$pxyp5u46Y/iJpx3PC.fW2Ow.UqdJK0jnZglu2dGyWJCoivLB1gREC', '0123456789', 'canhan6'),
('ec6a1b6e-ae4e-45d6-b554-60ff0179fba7', '3fa85f64-5717-4562-b3fc-2c963f62bfa6', 'Hoang Van E', 'hoangve@gmail.com', '$2a$10$4JFZpF06V9Sq8Le4TCV9huDhOcFYD0Nav7Lz.CAYiPjYAaX2TsZt.', '0987654321', 'canhan1'),
('f321de5e-7e2b-4d1a-8737-6ea51bfe65b8', '3fa85f64-5717-4562-b3fc-2c963f62bfa6', 'Nguyen Van A', 'nguyenvana@gmail.com', '$2a$10$XuPFLPnljBPKhxSEcdXrp.AiCBozaM.ER.4KdnPqsj1TWiUqvlclW', '0987654321', 'canhan2'),
('c3ca9950-65cb-47ee-b0a3-7796ef23d839', '3fa85f64-5717-4562-b3fc-2c963f62bfa6', 'Bui Thi H', 'buithih@gmail.com', '$2a$10$RsrGJ79d.HFvShKutqMH4O4Souxc9D.7ZhMLhYOvdWiwQI91g1hqS', '0123456789', 'canhan3'),
('50d02114-26d4-402c-a2d4-7b1138437ac4', '3fa85f64-5717-4562-b3fc-2c963f62bfa6', 'Le Van R', 'levar@gmail.com', '$2a$10$6lBk.FtBemGb4yC7LcZlH.L8XWISgTxQvPY.jroQrn8vCZqSbmwI.', '0123456789', 'canhan4'),
('75c7bf99-071a-47d5-a6a5-84a84084cede', '3fa85f64-5717-4562-b3fc-2c963f62bfa6', 'hoanghuynguyen711@gmail.com', 'hoanghuynguyen711@gmail.com', '$2a$10$lG0x5rCdE1KAu/UWv1gFx./LmLM6cwz3lT8Z5c4uxkhvbABtA/tg2', '0123423489', 'canhan1'),
('58824edd-2ce6-46e8-97f3-8ca6970d8cbf', '3fa85f64-5717-4562-b3fc-2c963f62bfa6', 'Nguyễn Huy Hoàng', 'nguyenhuyhoang@gmail.com', '$2a$10$nl.WRZVKneLOHVXF.zVeC.lTDGGBBcnoTygFiblwqCy/NlzacGgFm', '0961621298', 'canhan4'),
('38093222-d622-415e-9d0d-96d5982a6e69', '3fa85f64-5717-4562-b3fc-2c963f62bfa6', 'Ho Thi P', 'hothip@gmail.com', '$2a$10$I3TnaNcFXpR/63o8KnjR8OPwp32k0XbwbP86L3tVpgBtOffWeR606', '0123456789', 'canhan6'),
('ecb23911-d33c-4253-9ec0-9b3842da8d7e', '3fa85f64-5717-4562-b3fc-2c963f66afa6', 'Admin', 'tuilaquantrivien@gmail.com', '$2a$10$HtgcyeMDc4n9t/42wKx14uYXZfyUTuTbTYuIPxrTp2ETZv92MhW/O', '0986547123', 'canhan2'),
('a212200e-f8f3-4a38-91aa-9e812a878ba5', '3fa85f64-5717-4562-b3fc-2c963f62bfa6', 'Tran Van L', 'tranvl@gmail.com', '$2a$10$zQX6wzkl3bw2pv9GXiE5q.Vw3RNw0WuKpCTXJvOJWEhnQAVKuIHOW', '0987654321', 'canhan1'),
('ce6180fb-58f4-45da-9488-a00e8edeff2c', '3fa85f64-5717-4562-b3fc-2c963f62bfa6', 'huchuynh', 'huchuynh0707@gmail.com', '$2a$10$4RkYf425tOdFYAKdY94YBesNhfAsAejUcLKrCK1WLIhhPlV.rJg.G', '0987654321', 'canhan6'),
('b97d9a96-1ee8-47a1-a31a-a27c918efa9c', '3fa85f64-5717-4562-b3fc-2c963f62bfa6', 'Pham Van N', 'phamvn@gmail.com', '$2a$10$vrVK0pWZVFqDKVPl3Xg7nO.mVTKlA8YOREVQ5yf0Z/itX.onYUFTq', '0987654321', 'canhan2'),
('68f56e53-ebe9-484f-87cf-a4ca8dbd89f0', '3fa85f64-5717-4562-b3fc-2c963f62bfa6', 'Pham Van T', 'phamvt@gmail.com', '$2a$10$duQppzcMnBaOqoI012w.q.6ymn4pz8N.KUsb2PoRwocttok8Fb43y', '0123456789', 'canhan3'),
('8f960ffb-a014-4c52-905c-a6820bd846fe', '3fa85f64-5717-4562-b3fc-2c963f62bfa6', 'Le Thi V', 'lethiv@gmail.com', '$2a$10$rEvmJXcAmmGtYjBpGGsd9eJb1q/.i7gg6s3eVwJSkk3b0Wj2.tTay', '0123456789', 'canhan4'),
('ed41454c-0284-4e8e-b179-a8beb8a58f87', '3fa85f64-5717-4562-b3fc-2c963f62bfa6', 'hnoga', 'hackiemsi0711@gmail.com', '$2a$10$60SmfEliE2OK.diEge8cRuPIsvht4.1gQOh2364nVvCEUuB79yFYa', '', 'canhan1'),
('1cfa4d8e-5f63-45f6-9cc9-b1ecae2c14f9', '3fa85f64-5717-4562-b3fc-2c963f62bfa6', 'Mạch Hạo Tuấn', 'tuanhaomach@gmail.com', '$2a$10$hsqDH.469axwF38PbMVGxeacDkSZNhMp7NZAvRsHDaoGbqZ.VAfTO', '0993195921', 'canhan2'),
('f636f7b6-4fef-4b87-bc80-b9b275795b1d', '3fa85f64-5717-4562-b3fc-2c963f62bfa6', 'Nguyen Thi S', 'nguyents@gmail.com', '$2a$10$dfJNkB5WI60N0nm4mS89cO8Svx1QqFVv2reEAXx65n4aFAGaiHoDy', '0987654321', 'canhan6'),
('6e4d81dd-f28e-4f31-a49e-ca51134db3aa', '3fa85f64-5717-4562-b3fc-2c963f62bfa6', 'Nguyen Van K', 'nguyenkv@gmail.com', '$2a$10$37NMgQk8WwrVLo8BN8iXpOEVFNgNZMWslAjjvF40EAuavnkI0eJJu', '0123456789', 'canhan1'),
('3f95e534-5d43-49b4-bc76-d43f8461976b', '3fa85f64-5717-4562-b3fc-2c963f62bfa6', 'Vu Van G', 'vuvang@gmail.com', '$2a$10$4ngYbmqfZFnstjI/1OSz1uEDZZWTX35BGYWLmo0MeEUhaon9yIsWe', '0987654321', 'canhan2'),
('17593a02-3763-4b70-9454-d71c3af0bd19', '3fa85f64-5717-4562-b3fc-2c963f62bfa6', 'Trần Vĩ Hào', 'tranvihao@gmail.com', '$2a$10$HOI1FGe7T6UworTUECCp1.MB6LT4N7a6iWz0hEHUK3W.FczuS8eu.', '0987318804', 'canhan1'),
('6fc1b3a5-92ea-455e-abe4-e8c6394dd0aa', '3fa85f64-5717-4562-b3fc-2c963f62bfa6', 'Le Thi M', 'lethim@gmail.com', '$2a$10$6CwcnE0bhv2WrBl5i.VJ0.xi0L6hrRLUMYjA/8r0bAi.m0vb7O1OG', '0123456789', 'canhan4'),
('1b0e8e50-b3d1-48dd-aa5b-f16ad1413eaf', '3fa85f64-5717-4562-b3fc-2c963f62bfa6', 'Tran Thi B', 'tranthib@gmail.com', '$2a$10$lQ/w0OKf0VKTzbCZSJPT4Ot4WMkdDW9BRHeiy8XNA7BkJNKXs1EGa', '0123456789', 'canhan5'),
('c22219ca-9bbd-4098-b2f7-f4e526096fbf', '3fa85f64-5717-4562-b3fc-2c963f62bfa6', 'Tran Van U', 'tranvu@gmail.com', '$2a$10$wsJSAwBFbrEctxNE9FN4fuG5FLwiCTbZInSUcz9YpVkd3czFHYgkW', '0987654321', 'canhan6'),
('6fcb6a47-75c2-425c-bbbd-ff7137a5fd54', '3fa85f64-5717-4562-b3fc-2c963f62bfa6', 'Nguyễn Văn An', 'nguyenvanan@gmail.com', '$2a$10$haEw8e/VVR3lEAjIzyGe1eo6vHcJBtiDVszdh4/YxTxHQA/3i2W5.', '0939643659', 'canhan1');
 
 

INSERT INTO lopHoc ("ma_lopHoc", "ma_giangVien", "ten", "moTa", "anhDaiDien", "anLopHoc") VALUES
('3ca75f6c-5ef9-46a2-9c26-324ec4e81abf', '1cfa4d8e-5f63-45f6-9cc9-b1ecae2c14f9', 'Kỹ thuật lập trình', 'Môn học về kỹ thuật lập trình', 'imglop6', 0),
('5d39847c-bfa7-4d67-8ec4-3e404d85cbb2', '1cfa4d8e-5f63-45f6-9cc9-b1ecae2c14f9', 'Lập trình Java', 'Môn học về lập trình Java', 'imglop1', 0),
('7157c695-b9ce-4774-bf67-49498235607d', '75c7bf99-071a-47d5-a6a5-84a84084cede', 'c-sharp', 'lớp học csharp', 'imglop5', 0),
('2a4a1b9e-4263-4cb0-9d2a-51137915f600', '6fcb6a47-75c2-425c-bbbd-ff7137a5fd54', 'Quản lý nhân sự', 'Môn học về quản lý nhân sự', 'imglop3', 0),
('63d713c2-f42a-44c5-8fc1-5410bce0c276', '1cfa4d8e-5f63-45f6-9cc9-b1ecae2c14f9', 'hello', '', 'imglop1', 0),
('7cf1db66-9eee-4039-9d3c-633e5b2c801a', '6fcb6a47-75c2-425c-bbbd-ff7137a5fd54', 'Khoa học máy tính', 'Môn học về khoa học máy tính', 'imglop4', 0),
('a8ad4d61-6b4b-4684-a591-685db2058b9d', '17593a02-3763-4b70-9454-d71c3af0bd19', 'Lập trình C#', 'Môn học về lập trình C#', 'imglop5', 0),
('34cbe5c1-4406-46d3-b698-6907d8450291', 'f321de5e-7e2b-4d1a-8737-6ea51bfe65b8', 'My class 2', '', 'imglop4', 0),
('6740e890-6d5f-4702-aa3e-690abaf0d026', 'f321de5e-7e2b-4d1a-8737-6ea51bfe65b8', 'My class 1', '', 'imglop3', 0),
('a3f6e0bc-0d60-4e99-89df-6c2f8435717f', '6b157e9a-4f74-4ee8-a893-06bc950f4272', 'Quản trị kinh doanh', 'Môn học về quản trị kinh doanh', 'imglop6', 0),
('ecb4386e-fbcd-4506-af3d-93ae345b8cdd', 'ce6180fb-58f4-45da-9488-a00e8edeff2c', 'Tiếng Anh', '', 'imglop2', 0),
('70a5d232-e4c3-42aa-b4ec-bca4ce1fec52', '58824edd-2ce6-46e8-97f3-8ca6970d8cbf', 'Thiết kế đồ họa', 'Môn học về thiết kế đồ họa', 'imglop1', 0),
('fd2970e0-e379-48d1-90af-de80e5af3a6c', '6b157e9a-4f74-4ee8-a893-06bc950f4272', 'Marketing', 'Môn học về marketing', 'imglop2', 0),
('3bee024f-1e46-4613-ac94-f32777e41331', '1cfa4d8e-5f63-45f6-9cc9-b1ecae2c14f9', 'My Class', '', 'imglop2', 0),
('a816a89a-edee-4fce-b917-f800f2ce2e8d', '17593a02-3763-4b70-9454-d71c3af0bd19', 'Khoa học dữ liệu', 'Môn học về khoa học dữ liệu', 'imglop3', 0),
('480ee4e4-acef-4b0d-97db-fa644e0ad9d4', '58824edd-2ce6-46e8-97f3-8ca6970d8cbf', 'Vật lý lý thuyết', 'Môn học về vật lý lý thuyết', 'imglop5', 0),
('4f74a9e3-3f2e-4ee2-b952-fc4d9d8fd2f9', 'ed41454c-0284-4e8e-b179-a8beb8a58f87', 'dacing', '', 'imglop1', 0);
 

INSERT INTO thamgialophoc ("ma_lopHoc", "ma_taiKhoan") VALUES
('3ca75f6c-5ef9-46a2-9c26-324ec4e81abf', '6b157e9a-4f74-4ee8-a893-06bc950f4272'),
('3ca75f6c-5ef9-46a2-9c26-324ec4e81abf', '58824edd-2ce6-46e8-97f3-8ca6970d8cbf'),
('3ca75f6c-5ef9-46a2-9c26-324ec4e81abf', '17593a02-3763-4b70-9454-d71c3af0bd19'),
('3ca75f6c-5ef9-46a2-9c26-324ec4e81abf', '6fcb6a47-75c2-425c-bbbd-ff7137a5fd54'),
('5d39847c-bfa7-4d67-8ec4-3e404d85cbb2', '6b157e9a-4f74-4ee8-a893-06bc950f4272'),
('5d39847c-bfa7-4d67-8ec4-3e404d85cbb2', '58824edd-2ce6-46e8-97f3-8ca6970d8cbf'),
('5d39847c-bfa7-4d67-8ec4-3e404d85cbb2', '17593a02-3763-4b70-9454-d71c3af0bd19'),
('5d39847c-bfa7-4d67-8ec4-3e404d85cbb2', '6fcb6a47-75c2-425c-bbbd-ff7137a5fd54'),
('2a4a1b9e-4263-4cb0-9d2a-51137915f600', '6b157e9a-4f74-4ee8-a893-06bc950f4272'),
('2a4a1b9e-4263-4cb0-9d2a-51137915f600', '58824edd-2ce6-46e8-97f3-8ca6970d8cbf'),
('2a4a1b9e-4263-4cb0-9d2a-51137915f600', '17593a02-3763-4b70-9454-d71c3af0bd19'),
('3bee024f-1e46-4613-ac94-f32777e41331', 'f321de5e-7e2b-4d1a-8737-6ea51bfe65b8'),
('7cf1db66-9eee-4039-9d3c-633e5b2c801a', '6b157e9a-4f74-4ee8-a893-06bc950f4272'),
('7cf1db66-9eee-4039-9d3c-633e5b2c801a', '58824edd-2ce6-46e8-97f3-8ca6970d8cbf'),
('7cf1db66-9eee-4039-9d3c-633e5b2c801a', '17593a02-3763-4b70-9454-d71c3af0bd19'),
('7cf1db66-9eee-4039-9d3c-633e5b2c801a', '1cfa4d8e-5f63-45f6-9cc9-b1ecae2c14f9'),
('a8ad4d61-6b4b-4684-a591-685db2058b9d', '6b157e9a-4f74-4ee8-a893-06bc950f4272'),
('a8ad4d61-6b4b-4684-a591-685db2058b9d', '58824edd-2ce6-46e8-97f3-8ca6970d8cbf'),
('a8ad4d61-6b4b-4684-a591-685db2058b9d', '1cfa4d8e-5f63-45f6-9cc9-b1ecae2c14f9'),
('a8ad4d61-6b4b-4684-a591-685db2058b9d', '6fcb6a47-75c2-425c-bbbd-ff7137a5fd54'),
('a3f6e0bc-0d60-4e99-89df-6c2f8435717f', '17593a02-3763-4b70-9454-d71c3af0bd19'),
('a3f6e0bc-0d60-4e99-89df-6c2f8435717f', '58824edd-2ce6-46e8-97f3-8ca6970d8cbf'),
('a3f6e0bc-0d60-4e99-89df-6c2f8435717f', '1cfa4d8e-5f63-45f6-9cc9-b1ecae2c14f9'),
('a3f6e0bc-0d60-4e99-89df-6c2f8435717f', '6fcb6a47-75c2-425c-bbbd-ff7137a5fd54'),
('70a5d232-e4c3-42aa-b4ec-bca4ce1fec52', '6b157e9a-4f74-4ee8-a893-06bc950f4272'),
('70a5d232-e4c3-42aa-b4ec-bca4ce1fec52', '1cfa4d8e-5f63-45f6-9cc9-b1ecae2c14f9'),
('70a5d232-e4c3-42aa-b4ec-bca4ce1fec52', '17593a02-3763-4b70-9454-d71c3af0bd19'),
('70a5d232-e4c3-42aa-b4ec-bca4ce1fec52', '6fcb6a47-75c2-425c-bbbd-ff7137a5fd54'),
('fd2970e0-e379-48d1-90af-de80e5af3a6c', '58824edd-2ce6-46e8-97f3-8ca6970d8cbf'),
('fd2970e0-e379-48d1-90af-de80e5af3a6c', '1cfa4d8e-5f63-45f6-9cc9-b1ecae2c14f9'),
('fd2970e0-e379-48d1-90af-de80e5af3a6c', '17593a02-3763-4b70-9454-d71c3af0bd19'),
('fd2970e0-e379-48d1-90af-de80e5af3a6c', '6fcb6a47-75c2-425c-bbbd-ff7137a5fd54'),
('a816a89a-edee-4fce-b917-f800f2ce2e8d', '6b157e9a-4f74-4ee8-a893-06bc950f4272'),
('a816a89a-edee-4fce-b917-f800f2ce2e8d', '1cfa4d8e-5f63-45f6-9cc9-b1ecae2c14f9'),
('a816a89a-edee-4fce-b917-f800f2ce2e8d', '58824edd-2ce6-46e8-97f3-8ca6970d8cbf'),
('a816a89a-edee-4fce-b917-f800f2ce2e8d', '6fcb6a47-75c2-425c-bbbd-ff7137a5fd54'),
('3ca75f6c-5ef9-46a2-9c26-324ec4e81abf', '4f9fd63a-c80a-493f-b229-3cc83acd7b4b'),
('3ca75f6c-5ef9-46a2-9c26-324ec4e81abf', '2493643f-576b-4bea-ad12-3ffa3558eb3e'),
('3ca75f6c-5ef9-46a2-9c26-324ec4e81abf', 'bb3cda85-8fe3-4894-9e4e-4083a2f38319'),
('3ca75f6c-5ef9-46a2-9c26-324ec4e81abf', '778a38a9-f8bb-4a68-85b7-58343d9042bb'),
('3ca75f6c-5ef9-46a2-9c26-324ec4e81abf', '1602102f-60f2-4b87-8992-6070fb969516'),
('3ca75f6c-5ef9-46a2-9c26-324ec4e81abf', 'ec6a1b6e-ae4e-45d6-b554-60ff0179fba7'),
('3ca75f6c-5ef9-46a2-9c26-324ec4e81abf', 'f321de5e-7e2b-4d1a-8737-6ea51bfe65b8'),
('3ca75f6c-5ef9-46a2-9c26-324ec4e81abf', 'c3ca9950-65cb-47ee-b0a3-7796ef23d839'),
('3ca75f6c-5ef9-46a2-9c26-324ec4e81abf', '50d02114-26d4-402c-a2d4-7b1138437ac4'),
('3ca75f6c-5ef9-46a2-9c26-324ec4e81abf', '38093222-d622-415e-9d0d-96d5982a6e69'),
('3ca75f6c-5ef9-46a2-9c26-324ec4e81abf', 'a212200e-f8f3-4a38-91aa-9e812a878ba5'),
('3ca75f6c-5ef9-46a2-9c26-324ec4e81abf', 'b97d9a96-1ee8-47a1-a31a-a27c918efa9c'),
('3ca75f6c-5ef9-46a2-9c26-324ec4e81abf', '68f56e53-ebe9-484f-87cf-a4ca8dbd89f0'),
('3ca75f6c-5ef9-46a2-9c26-324ec4e81abf', '8f960ffb-a014-4c52-905c-a6820bd846fe'),
('3ca75f6c-5ef9-46a2-9c26-324ec4e81abf', 'f636f7b6-4fef-4b87-bc80-b9b275795b1d'),
('3ca75f6c-5ef9-46a2-9c26-324ec4e81abf', '6e4d81dd-f28e-4f31-a49e-ca51134db3aa'),
('3ca75f6c-5ef9-46a2-9c26-324ec4e81abf', '3f95e534-5d43-49b4-bc76-d43f8461976b'),
('3ca75f6c-5ef9-46a2-9c26-324ec4e81abf', '6fc1b3a5-92ea-455e-abe4-e8c6394dd0aa'),
('3ca75f6c-5ef9-46a2-9c26-324ec4e81abf', '1b0e8e50-b3d1-48dd-aa5b-f16ad1413eaf'),
('3ca75f6c-5ef9-46a2-9c26-324ec4e81abf', 'c22219ca-9bbd-4098-b2f7-f4e526096fbf'),
('ecb4386e-fbcd-4506-af3d-93ae345b8cdd', 'f321de5e-7e2b-4d1a-8737-6ea51bfe65b8'),
('ecb4386e-fbcd-4506-af3d-93ae345b8cdd', '1cfa4d8e-5f63-45f6-9cc9-b1ecae2c14f9'),
('7157c695-b9ce-4774-bf67-49498235607d', 'ce6180fb-58f4-45da-9488-a00e8edeff2c'),
('5d39847c-bfa7-4d67-8ec4-3e404d85cbb2', 'f321de5e-7e2b-4d1a-8737-6ea51bfe65b8'),
('480ee4e4-acef-4b0d-97db-fa644e0ad9d4', '6b157e9a-4f74-4ee8-a893-06bc950f4272'),
('480ee4e4-acef-4b0d-97db-fa644e0ad9d4', '1cfa4d8e-5f63-45f6-9cc9-b1ecae2c14f9'),
('480ee4e4-acef-4b0d-97db-fa644e0ad9d4', '17593a02-3763-4b70-9454-d71c3af0bd19'),
('480ee4e4-acef-4b0d-97db-fa644e0ad9d4', '6fcb6a47-75c2-425c-bbbd-ff7137a5fd54');
 

INSERT INTO nhomChat ("ma_nhomChat", "ma_lopHoc", "ten") VALUES
('634e0fdd-576d-41ee-8fd6-0258a6c4bf5c', '63d713c2-f42a-44c5-8fc1-5410bce0c276', 'hello'),
('6900d94f-67d7-4dc7-95c4-1a5f8258d9e7', 'a816a89a-edee-4fce-b917-f800f2ce2e8d', 'Khoa học dữ liệu'),
('50cec81f-ca8b-4cd4-80aa-1d8dfe0129a0', 'ecb4386e-fbcd-4506-af3d-93ae345b8cdd', 'Tiếng Anh'),
('11b5742c-2e34-4d13-9b55-4d820e76ecbe', '70a5d232-e4c3-42aa-b4ec-bca4ce1fec52', 'Thiết kế đồ họa'),
('b902bd27-e85f-4948-ac97-4e778d59a09a', 'a8ad4d61-6b4b-4684-a591-685db2058b9d', 'Lập trình C#'),
('57d99d42-b6e2-467a-838a-58b0936c3e77', '480ee4e4-acef-4b0d-97db-fa644e0ad9d4', 'Vật lý lý thuyết'),
('a057c15a-4e4d-46f2-b2cd-5d3facfc64ed', '7cf1db66-9eee-4039-9d3c-633e5b2c801a', 'Khoa học máy tính'),
('6a96f56f-6bc8-43f5-9b01-69a40de1afde', 'fd2970e0-e379-48d1-90af-de80e5af3a6c', 'Marketing'),
('054910e4-963b-4829-84de-a12ac5c295be', '5d39847c-bfa7-4d67-8ec4-3e404d85cbb2', 'Lập trình Java'),
('4c4c65eb-2e10-4aed-b52f-a174160df4d5', '3bee024f-1e46-4613-ac94-f32777e41331', 'My Class'),
('4698a513-e363-4aa4-8f39-a97eddf46695', '3ca75f6c-5ef9-46a2-9c26-324ec4e81abf', 'Kỹ thuật lập trình'),
('9600ab00-947f-443a-a975-ace3a9e261d5', 'a3f6e0bc-0d60-4e99-89df-6c2f8435717f', 'Quản trị kinh doanh'),
('31727805-f5e2-4424-a07c-b1432e6bd3df', '34cbe5c1-4406-46d3-b698-6907d8450291', 'My class 2'),
('f6851335-9ccd-4b71-a501-d90a5b3ec3fa', '7157c695-b9ce-4774-bf67-49498235607d', 'c-sharp'),
('5eda1161-1093-4870-add5-e2116d237aac', '6740e890-6d5f-4702-aa3e-690abaf0d026', 'My class 1'),
('e9187de6-9c74-4eb9-bb2c-ea36a682e0aa', '4f74a9e3-3f2e-4ee2-b952-fc4d9d8fd2f9', 'dacing'),
('3e934582-dc91-46cc-8a6b-eb21e40dd602', '2a4a1b9e-4263-4cb0-9d2a-51137915f600', 'Quản lý nhân sự'); 

INSERT INTO tinNhan ("ma_tinNhan", "ma_nhomChat", "ma_taiKhoan", "noiDung", "thoiGianGui", "anTinNhan") VALUES 
('c936c6e7-adb9-4bb8-8e51-021418b6348a', '4698a513-e363-4aa4-8f39-a97eddf46695', '1cfa4d8e-5f63-45f6-9cc9-b1ecae2c14f9', 'V','2023-12-08T17:24:50.000', 0),
('29b0c4de-f860-4821-8aaf-14c849beff03', '4698a513-e363-4aa4-8f39-a97eddf46695', '1cfa4d8e-5f63-45f6-9cc9-b1ecae2c14f9', 'DV','2023-12-08T17:24:53.000', 0),
('cf47a755-f771-43e1-b6d0-1a0a739b084d', '4698a513-e363-4aa4-8f39-a97eddf46695', '1cfa4d8e-5f63-45f6-9cc9-b1ecae2c14f9', 'Hello class','2023-12-03T22:50:10.000', 0),
('d3965df1-de1e-49eb-a53a-1e9fdc831570', '4698a513-e363-4aa4-8f39-a97eddf46695', '1cfa4d8e-5f63-45f6-9cc9-b1ecae2c14f9', 'SDVS','2023-12-08T17:24:53.000', 0),
('3f04dce7-f916-4756-85a9-1f2b5236dc5b', '50cec81f-ca8b-4cd4-80aa-1d8dfe0129a0', 'ce6180fb-58f4-45da-9488-a00e8edeff2c', 'hellooo classsss','2023-12-15T09:18:27.000', 0),
('c6f35f4e-3cd0-4870-a525-23146fae285f', '4698a513-e363-4aa4-8f39-a97eddf46695', '1cfa4d8e-5f63-45f6-9cc9-b1ecae2c14f9', 'V','2023-12-08T17:24:53.000', 0),
('a19398f4-9967-4426-b836-23879695b278', '4698a513-e363-4aa4-8f39-a97eddf46695', '1cfa4d8e-5f63-45f6-9cc9-b1ecae2c14f9', 'SDV','2023-12-08T17:24:54.000', 0),
('55786b13-33e5-40ff-9148-239fcbe1cdd3', '4698a513-e363-4aa4-8f39-a97eddf46695', 'ce6180fb-58f4-45da-9488-a00e8edeff2c', 'Sample Message 15','2023-12-02T11:00:00.000', 0),
('d49e7694-5356-4732-a9fc-2546a2fad272', '054910e4-963b-4829-84de-a12ac5c295be', '1cfa4d8e-5f63-45f6-9cc9-b1ecae2c14f9', 'How are you today ?','2023-12-03T22:52:54.000', 0),
('f1848db4-9e2d-4d17-92b6-2551b7f83c4e', '4698a513-e363-4aa4-8f39-a97eddf46695', '1cfa4d8e-5f63-45f6-9cc9-b1ecae2c14f9', 'SD','2023-12-08T17:24:54.000', 0),
('8d4caf6a-250b-4616-8372-30c5f6e32122', '4698a513-e363-4aa4-8f39-a97eddf46695', '8f960ffb-a014-4c52-905c-a6820bd846fe', 'Sample Message 18','2023-12-02T11:45:00.000', 0),
('97f9856c-2bb3-4125-b284-362ab5eba967', '054910e4-963b-4829-84de-a12ac5c295be', '1cfa4d8e-5f63-45f6-9cc9-b1ecae2c14f9', 'hahahhha','2023-12-08T14:51:41.000', 0),
('8a468c83-25e1-4adf-af28-362eb487d6d6', '6a96f56f-6bc8-43f5-9b01-69a40de1afde', '1cfa4d8e-5f63-45f6-9cc9-b1ecae2c14f9', 'hohohohohoh','2023-12-04T11:18:27.000', 0),
('65f59d62-45dd-464a-ab68-3c20bb962ec7', '6900d94f-67d7-4dc7-95c4-1a5f8258d9e7', '1cfa4d8e-5f63-45f6-9cc9-b1ecae2c14f9', 'xin chàooooooo','2023-12-04T11:18:39.000', 0),
('f38639fe-c85c-448e-8413-3dcf5c4af5ac', '4698a513-e363-4aa4-8f39-a97eddf46695', '1cfa4d8e-5f63-45f6-9cc9-b1ecae2c14f9', 'SDAVDS','2023-12-08T17:24:51.000', 0),
('f776242d-6c40-420b-bc94-4be2c2733858', '4698a513-e363-4aa4-8f39-a97eddf46695', '68f56e53-ebe9-484f-87cf-a4ca8dbd89f0', 'Sample Message 17','2023-12-02T11:30:00.000', 0),
('11c44da0-29ec-4bd8-905a-4c32ec4a77be', '4698a513-e363-4aa4-8f39-a97eddf46695', '1cfa4d8e-5f63-45f6-9cc9-b1ecae2c14f9', 'heloooo','2023-12-06T22:41:11.000', 0),
('49ffe3b9-50db-4d63-89ff-50093d26e489', '4698a513-e363-4aa4-8f39-a97eddf46695', '1cfa4d8e-5f63-45f6-9cc9-b1ecae2c14f9', 'VSD','2023-12-08T17:24:50.000', 0),
('64337012-c129-4039-90c6-51be23b743fb', 'f6851335-9ccd-4b71-a501-d90a5b3ec3fa', '75c7bf99-071a-47d5-a6a5-84a84084cede', 'hello','2023-12-15T13:14:40.000', 0),
('37cd300c-8714-486e-a645-52d3ec657523', '4698a513-e363-4aa4-8f39-a97eddf46695', '1cfa4d8e-5f63-45f6-9cc9-b1ecae2c14f9', 'VSD','2023-12-08T17:24:51.000', 0),
('1734039b-2eb1-4b08-9db2-5484330307d3', '4698a513-e363-4aa4-8f39-a97eddf46695', '58824edd-2ce6-46e8-97f3-8ca6970d8cbf', 'Sample Message 11','2023-12-02T10:00:00.000', 0),
('59cb79a5-b12f-4e1c-88ea-5cf3370e2386', '4698a513-e363-4aa4-8f39-a97eddf46695', '1cfa4d8e-5f63-45f6-9cc9-b1ecae2c14f9', 'DVS','2023-12-08T17:24:53.000', 0),
('cacbea54-fe98-40f0-b9e8-678eea68e4e1', '4c4c65eb-2e10-4aed-b52f-a174160df4d5', 'f321de5e-7e2b-4d1a-8737-6ea51bfe65b8', 'Hello everyone !','2023-12-03T23:22:40.000', 0),
('f39e1e5c-338f-4665-b252-692bf0181a87', '5eda1161-1093-4870-add5-e2116d237aac', 'f321de5e-7e2b-4d1a-8737-6ea51bfe65b8', 'hahahahahahaha','2023-12-03T23:29:15.000', 0),
('3e279362-01b9-4b82-b596-73891b22a025', '4698a513-e363-4aa4-8f39-a97eddf46695', '6b157e9a-4f74-4ee8-a893-06bc950f4272', 'Sample Message 1','2023-12-02T10:00:00.000', 0),
('b692f56a-83e1-467a-b9e2-755931112f27', '4698a513-e363-4aa4-8f39-a97eddf46695', '1cfa4d8e-5f63-45f6-9cc9-b1ecae2c14f9', 'wgwewervewewvwbvbaewvb;oewrvopwepovewpVOPEPVEPOVHOEWHPVHEWVHPDVOHSDOVHADHVOhadovHDHVHAPVAHPDVDS','2023-12-08T17:24:50.000', 0),
('4ba621ba-1c9b-452b-be5b-79baffcbe388', '4698a513-e363-4aa4-8f39-a97eddf46695', 'f321de5e-7e2b-4d1a-8737-6ea51bfe65b8', 'Sample Message 8','2023-12-02T11:45:00.000', 0),
('83ca5a4e-7ad9-4919-88f0-7ee5811019b0', '054910e4-963b-4829-84de-a12ac5c295be', '1cfa4d8e-5f63-45f6-9cc9-b1ecae2c14f9', 'hihi','2023-12-14T22:40:31.000', 0),
('7a8d1baa-d0f4-458d-9ddc-8031b882e2d5', '4698a513-e363-4aa4-8f39-a97eddf46695', '38093222-d622-415e-9d0d-96d5982a6e69', 'Sample Message 12','2023-12-02T10:15:00.000', 0),
('11fa1680-027d-4cdc-ad1b-840cbee9d39e', '4698a513-e363-4aa4-8f39-a97eddf46695', 'bb3cda85-8fe3-4894-9e4e-4083a2f38319', 'Sample Message 4','2023-12-02T10:45:00.000', 0),
('54e2cd4a-4517-4b44-802a-8467076707f0', '50cec81f-ca8b-4cd4-80aa-1d8dfe0129a0', '1cfa4d8e-5f63-45f6-9cc9-b1ecae2c14f9', 'huhuhu','2023-12-15T10:46:31.000', 0),
('be018b39-d464-4c04-9532-8a8925eda6d7', 'b902bd27-e85f-4948-ac97-4e778d59a09a', '1cfa4d8e-5f63-45f6-9cc9-b1ecae2c14f9', 'hallooooooo','2023-12-04T11:18:08.000', 0),
('c5725bfa-285d-4190-9c3a-8c34ed1c3440', '4698a513-e363-4aa4-8f39-a97eddf46695', '1cfa4d8e-5f63-45f6-9cc9-b1ecae2c14f9', 'DVA','2023-12-08T17:24:53.000', 0),
('511ed194-1236-4d5b-833d-94747df3f96e', '4698a513-e363-4aa4-8f39-a97eddf46695', 'ecb23911-d33c-4253-9ec0-9b3842da8d7e', 'Sample Message 13','2023-12-02T10:30:00.000', 0),
('7906c7d4-65e2-4653-b073-9498262fc56e', '4698a513-e363-4aa4-8f39-a97eddf46695', '1cfa4d8e-5f63-45f6-9cc9-b1ecae2c14f9', 'DVS','2023-12-08T17:24:53.000', 0),
('b1b10be8-9aa9-4bdc-bdea-98a77dd4eecd', '4698a513-e363-4aa4-8f39-a97eddf46695', '4f9fd63a-c80a-493f-b229-3cc83acd7b4b', 'Sample Message 2','2023-12-02T10:15:00.000', 0),
('d030b0ed-8c16-4941-a6de-999afd1e13e3', '4698a513-e363-4aa4-8f39-a97eddf46695', '17593a02-3763-4b70-9454-d71c3af0bd19', 'Sample Message 19','2023-12-02T12:00:00.000', 0),
('5444aa8f-764d-4fc2-bcfe-9d5a9d4f5352', '054910e4-963b-4829-84de-a12ac5c295be', '1cfa4d8e-5f63-45f6-9cc9-b1ecae2c14f9', 'Welcome to my class','2023-12-03T22:51:22.000', 0),
('dd34226b-58a1-4dfe-bb1b-9d9ce94e76dc', '57d99d42-b6e2-467a-838a-58b0936c3e77', '1cfa4d8e-5f63-45f6-9cc9-b1ecae2c14f9', '123456789','2023-12-04T11:18:46.000', 0),
('84be2235-60ff-4fe9-a0f1-9da33794cd2f', '4698a513-e363-4aa4-8f39-a97eddf46695', '1cfa4d8e-5f63-45f6-9cc9-b1ecae2c14f9', 'bbibiii','2023-12-14T23:21:36.000', 0),
('46ef6d2b-e279-4653-8863-9fb1bb006a8e', '054910e4-963b-4829-84de-a12ac5c295be', '1cfa4d8e-5f63-45f6-9cc9-b1ecae2c14f9', 'Kê good','2023-12-03T22:54:38.000', 0),
('6310779b-d7bf-4c68-95aa-a1bb5171e92f', '4698a513-e363-4aa4-8f39-a97eddf46695', 'a212200e-f8f3-4a38-91aa-9e812a878ba5', 'Sample Message 14','2023-12-02T10:45:00.000', 0),
('2d276191-502a-42c5-a132-a3d07ea7b83a', '4698a513-e363-4aa4-8f39-a97eddf46695', '2493643f-576b-4bea-ad12-3ffa3558eb3e', 'Sample Message 3','2023-12-02T10:30:00.000', 0),
('327196e1-f159-4fb7-aebc-a7c20fda739f', 'a057c15a-4e4d-46f2-b2cd-5d3facfc64ed', '1cfa4d8e-5f63-45f6-9cc9-b1ecae2c14f9', 'Xin chào mọi người !!!','2023-12-03T23:23:53.000', 0),
('b5a39002-f4e9-4356-be52-a9aad26050cd', '9600ab00-947f-443a-a975-ace3a9e261d5', '1cfa4d8e-5f63-45f6-9cc9-b1ecae2c14f9', 'hiiiii','2023-12-04T11:18:16.000', 0),
('2f66b3fe-2fda-498c-a59d-b0de056644a4', '4698a513-e363-4aa4-8f39-a97eddf46695', '1cfa4d8e-5f63-45f6-9cc9-b1ecae2c14f9', 'SDV','2023-12-08T17:24:54.000', 0),
('d1407b3a-ff9b-4ff4-af4d-b80b3d259fba', '4698a513-e363-4aa4-8f39-a97eddf46695', '778a38a9-f8bb-4a68-85b7-58343d9042bb', 'Sample Message 5','2023-12-02T11:00:00.000', 0),
('c81465c4-f4d9-45da-9f49-badf3f4ec19d', '4698a513-e363-4aa4-8f39-a97eddf46695', '1cfa4d8e-5f63-45f6-9cc9-b1ecae2c14f9', 'DSV','2023-12-08T17:24:52.000', 0),
('af0ab8c6-7c81-4c37-9746-c22074895d40', '4698a513-e363-4aa4-8f39-a97eddf46695', '50d02114-26d4-402c-a2d4-7b1138437ac4', 'Sample Message 10','2023-12-02T12:15:00.000', 0),
('2345e4c2-a6f9-4410-b00c-c57518f6301b', '4698a513-e363-4aa4-8f39-a97eddf46695', '1602102f-60f2-4b87-8992-6070fb969516', 'Sample Message 6','2023-12-02T11:15:00.000', 0),
('1da03f11-1144-4c74-a8a2-c610180f1c33', '4698a513-e363-4aa4-8f39-a97eddf46695', '1cfa4d8e-5f63-45f6-9cc9-b1ecae2c14f9', 'VSDV','2023-12-08T17:24:54.000', 0),
('d68dd1c5-9f23-460e-9eff-ce2a008d065e', '4698a513-e363-4aa4-8f39-a97eddf46695', '1cfa4d8e-5f63-45f6-9cc9-b1ecae2c14f9', 'ÀDVDAFB','2023-12-08T17:24:55.000', 0),
('804a2342-f070-419c-a06b-d1854f98667c', '4698a513-e363-4aa4-8f39-a97eddf46695', 'ec6a1b6e-ae4e-45d6-b554-60ff0179fba7', 'Sample Message 7','2023-12-02T11:30:00.000', 0),
('75b273a3-23a3-490e-978e-d4ae160f42a4', '11b5742c-2e34-4d13-9b55-4d820e76ecbe', '1cfa4d8e-5f63-45f6-9cc9-b1ecae2c14f9', 'hahahahahaha','2023-12-04T11:18:21.000', 0),
('362729cd-0785-4a85-9328-d895a27af1c2', '4698a513-e363-4aa4-8f39-a97eddf46695', 'b97d9a96-1ee8-47a1-a31a-a27c918efa9c', 'Sample Message 16','2023-12-02T11:15:00.000', 0),
('7f0ed145-06e5-47a3-86a3-dea1a32d928a', '054910e4-963b-4829-84de-a12ac5c295be', '58824edd-2ce6-46e8-97f3-8ca6970d8cbf', 'Im fine thank you and you ?','2023-12-03T22:54:07.000', 0),
('52d4c4c9-4627-461d-86f7-e3882a048d49', '4698a513-e363-4aa4-8f39-a97eddf46695', '6fcb6a47-75c2-425c-bbbd-ff7137a5fd54', 'Sample Message 20','2023-12-02T12:15:00.000', 0),
('7f7268d4-de1e-4a69-8b5f-e5d5ea7f1a6c', '634e0fdd-576d-41ee-8fd6-0258a6c4bf5c', '1cfa4d8e-5f63-45f6-9cc9-b1ecae2c14f9', 'hihihi','2023-12-14T16:58:58.000', 0),
('45a128bb-84e8-438d-9c8c-f9044ef6f304', '50cec81f-ca8b-4cd4-80aa-1d8dfe0129a0', 'f321de5e-7e2b-4d1a-8737-6ea51bfe65b8', 'hello teacher','2023-12-15T09:31:15.000', 1),
('2b5de5ea-041c-4add-b105-fabbecdfb88d', '4698a513-e363-4aa4-8f39-a97eddf46695', 'c3ca9950-65cb-47ee-b0a3-7796ef23d839', 'Sample Message 9','2023-12-02T12:00:00.000', 0);
 
  
INSERT INTO chuong ("ma_chuong", "ma_lopHoc", "ten", "thoiGianTao", "anChuong") VALUES
('106b0adc-b6d7-4fa5-b567-00fe40cb40e1', '3ca75f6c-5ef9-46a2-9c26-324ec4e81abf', 'Chương 5: OOP (Lập trình hướng đối tượng)','2023-11-17T14:10:50.660', 0),
('3e84d2d6-24d6-4040-a126-063daca6fb36', '480ee4e4-acef-4b0d-97db-fa644e0ad9d4', 'Chương 2: Vật lý hạt nhân','2023-11-17T14:10:50.660', 0),
('6ed16d56-e334-4d12-a157-09b086b861b5', 'a8ad4d61-6b4b-4684-a591-685db2058b9d', 'Chương 5: Ứng dụng thực tế với lập trình C#','2023-11-17T14:10:50.660', 0),
('ffdfb03f-70a9-4311-9ad4-0b5c295b3276', 'a3f6e0bc-0d60-4e99-89df-6c2f8435717f', 'Chương 1: Giới thiệu về quản trị kinh doanh','2023-11-17T14:10:50.660', 0),
('25d57ef6-c76c-4659-a09c-0ba40c0eb511', 'a8ad4d61-6b4b-4684-a591-685db2058b9d', 'Chương 4: Xử lý ngoại lệ và lỗi trong C#','2023-11-17T14:10:50.660', 0),
('4859329d-0d35-442d-8aac-0ea1afcc2f54', 'a816a89a-edee-4fce-b917-f800f2ce2e8d', 'Chương 4: Visualizations và trình bày dữ liệu','2023-11-17T14:10:50.660', 0),
('f8df003b-6d7b-4333-8a3a-157d71c081a5', '480ee4e4-acef-4b0d-97db-fa644e0ad9d4', 'Chương 1: Động học lý thuyết','2023-11-17T14:10:50.660', 0),
('c00c1128-81f9-4444-992c-1703dd3d1b52', 'a3f6e0bc-0d60-4e99-89df-6c2f8435717f', 'Chương 4: Quản lý nhân sự và tài nguyên loại hình','2023-11-17T14:10:50.660', 0),
('e681aef3-08b5-4639-a413-18a14af9b631', 'fd2970e0-e379-48d1-90af-de80e5af3a6c', 'Chương 4: Phân phối và giá cả trong marketing','2023-11-17T14:10:50.660', 0),
('7a85dbb5-3bd1-415b-8bbf-1b6057a5964b', 'a3f6e0bc-0d60-4e99-89df-6c2f8435717f', 'Chương 5: Tiếp thị và quản lý sản phẩm','2023-11-17T14:10:50.660', 0),
('f8ad623e-0c71-4954-b30d-20df2016aadc', 'a3f6e0bc-0d60-4e99-89df-6c2f8435717f', 'Chương 2: Lập kế hoạch và chiến lược kinh doanh','2023-11-17T14:10:50.660', 0),
('5b664759-a5fc-46e5-a348-210f1a47a712', '5d39847c-bfa7-4d67-8ec4-3e404d85cbb2', 'Chương 4: Xử lý ngoại lệ trong Java','2023-11-17T14:10:50.660', 0),
('2f5ab3a7-e6ae-41c7-8211-22460f7345db', '7cf1db66-9eee-4039-9d3c-633e5b2c801a', 'Chương 3: Lập trình và thuật toán','2023-11-17T14:10:50.660', 0),
('cf8d266f-03db-4e4d-8256-276f6ff65976', '3ca75f6c-5ef9-46a2-9c26-324ec4e81abf', 'Chương 6: Ôn tập 1','2023-11-27T17:08:31.773', 1),
('84a4b723-c50d-4a69-a33d-429e1f143f5c', 'fd2970e0-e379-48d1-90af-de80e5af3a6c', 'Chương 3: Chiến lược tiếp thị và quảng cáo','2023-11-17T14:10:50.660', 0),
('cc2f76b5-6a0d-4e1d-876b-4614b5a9d37e', '3ca75f6c-5ef9-46a2-9c26-324ec4e81abf', 'Chương 3: Hàm và thư viện','2023-11-17T14:10:50.660', 0),
('02b7bf16-fc5f-4f1d-b4f3-481abaef2d3b', '5d39847c-bfa7-4d67-8ec4-3e404d85cbb2', 'Chương 5: Ứng dụng thực tế với Java','2023-11-17T14:10:50.660', 0),
('190d8526-3a71-4ea5-bb97-5124f64f7483', 'a816a89a-edee-4fce-b917-f800f2ce2e8d', 'Chương 1: Giới thiệu về khoa học dữ liệu','2023-11-17T14:10:50.660', 0),
('9ce0a8e3-142c-498f-baff-565f33c6cf4e', '7cf1db66-9eee-4039-9d3c-633e5b2c801a', 'Chương 2: Cấu trúc dữ liệu và giải thuật','2023-11-17T14:10:50.660', 0),
('7f8be279-57e8-4edf-9c3d-5922f24ca02d', '2a4a1b9e-4263-4cb0-9d2a-51137915f600', 'Chương 6: Chiến lược quản lý nhân sự','2023-11-17T14:10:50.660', 0),
('e8e32c99-2d66-426e-9c8e-5e03b6aeaec7', '5d39847c-bfa7-4d67-8ec4-3e404d85cbb2', 'Chương 3: Lập trình hướng đối tượng trong Java','2023-11-17T14:10:50.660', 0),
('e6fe44c5-1c0d-4398-a3ac-62257f9f1e61', 'fd2970e0-e379-48d1-90af-de80e5af3a6c', 'Chương 1: Giới thiệu về marketing','2023-11-17T14:10:50.660', 0),
('6db15be0-7884-4654-aac8-6704b63437da', '2a4a1b9e-4263-4cb0-9d2a-51137915f600', 'Chương 2: Tuyển dụng và tuyển chọn nhân sự','2023-11-17T14:10:50.660', 0),
('4695fa07-dcd3-4b31-908a-67c6760db8a4', '7cf1db66-9eee-4039-9d3c-633e5b2c801a', 'Chương 4: Mạng máy tính và internet','2023-11-17T14:10:50.660', 0),
('3d6aefd5-1d4a-4951-8b2a-6872fdf6b7e4', 'ecb4386e-fbcd-4506-af3d-93ae345b8cdd', 'Chương 1: Tiếng Anh giao tiếp cơ bản','2023-12-15T09:18:52.813', 0),
('55efc63e-39b6-4a7d-943b-6e5c574548ca', 'a8ad4d61-6b4b-4684-a591-685db2058b9d', 'Chương 1: Giới thiệu về lập trình C#','2023-11-17T14:10:50.660', 0),
('ddeb0e8e-a81d-453a-99a5-734035921c3f', 'a8ad4d61-6b4b-4684-a591-685db2058b9d', 'Chương 3: Lập trình hướng đối tượng trong C#','2023-11-17T14:10:50.660', 0),
('9b60c953-c291-4028-b092-79600ea713a2', '70a5d232-e4c3-42aa-b4ec-bca4ce1fec52', 'Chương 1: Giới thiệu về thiết kế đồ họa','2023-11-17T14:10:50.660', 0),
('4c9f9896-6670-410c-ac23-7f8e5e942091', 'a3f6e0bc-0d60-4e99-89df-6c2f8435717f', 'Chương 3: Quản lý tài chính và tài sản','2023-11-17T14:10:50.660', 0),
('75abb487-2315-4bc9-8bdb-8071f2047013', '2a4a1b9e-4263-4cb0-9d2a-51137915f600', 'Chương 1: Giới thiệu về quản lý nhân sự','2023-11-17T14:10:50.660', 0),
('8a4933b9-f7c5-4030-bf4f-8a874d665d17', '2a4a1b9e-4263-4cb0-9d2a-51137915f600', 'Chương 3: Đào tạo và phát triển nhân sự','2023-11-17T14:10:50.660', 0),
('ffedaccc-7bbc-421c-a5d7-92bf04399445', '480ee4e4-acef-4b0d-97db-fa644e0ad9d4', 'Chương 3: Cơ học lý thuyết','2023-11-17T14:10:50.660', 0),
('df258757-02e0-478f-ba6a-93bd70ec02fa', '480ee4e4-acef-4b0d-97db-fa644e0ad9d4', 'Chương 5: Lý thuyết trường và thời gian','2023-11-17T14:10:50.660', 0),
('0cff6362-e165-4819-af95-9591d6c9f043', '3ca75f6c-5ef9-46a2-9c26-324ec4e81abf', 'Chương 4: Mảng và chuỗi','2023-11-17T14:10:50.660', 0),
('90e1ffc6-3eff-4ab2-b083-9761c53ba80d', '3ca75f6c-5ef9-46a2-9c26-324ec4e81abf', 'Chương 1: Cơ bản về lập trình','2023-11-17T14:10:50.660', 0),
('89ab4a74-badc-4b60-ae27-a0808edef353', '70a5d232-e4c3-42aa-b4ec-bca4ce1fec52', 'Chương 3: Màu sắc và cân bằng trong thiết kế','2023-11-17T14:10:50.660', 0),
('7d05dbef-094d-4ff8-919c-a21e2e73392a', '7cf1db66-9eee-4039-9d3c-633e5b2c801a', 'Chương 1: Giới thiệu về khoa học máy tính','2023-11-17T14:10:50.660', 0),
('d3602b84-0b4e-4f34-9b50-aceccf3451ff', 'fd2970e0-e379-48d1-90af-de80e5af3a6c', 'Chương 2: Nghiên cứu thị trường và phân tích khách hàng','2023-11-17T14:10:50.660', 0),
('61734ed5-972a-4b86-b19a-ae9edab872c1', 'a816a89a-edee-4fce-b917-f800f2ce2e8d', 'Chương 3: Machine Learning và học máy','2023-11-17T14:10:50.660', 0),
('dd3e506a-0d8f-4e23-a9d1-b5e3d0ed6fd3', 'a816a89a-edee-4fce-b917-f800f2ce2e8d', 'Chương 5: Ứng dụng thực tế của khoa học dữ liệu','2023-11-17T14:10:50.660', 0),
('0315d9bc-b5b0-443d-bd61-b8a2faf0246c', 'fd2970e0-e379-48d1-90af-de80e5af3a6c', 'Chương 5: Quản lý thương hiệu và quan hệ khách hàng','2023-11-17T14:10:50.660', 0),
('c5a1f0e2-1b92-4e6c-b22f-bb90afa01940', '480ee4e4-acef-4b0d-97db-fa644e0ad9d4', 'Chương 4: Vật lý lý thuyết đương đại','2023-11-17T14:10:50.660', 0),
('b759ddb5-599b-46a6-b040-c2554e308100', '5d39847c-bfa7-4d67-8ec4-3e404d85cbb2', 'Chương 2: Cú pháp cơ bản của Java','2023-11-17T14:10:50.660', 0),
('fcbab77b-59b4-40d9-8d6a-ca6e7f6f4fb3', '5d39847c-bfa7-4d67-8ec4-3e404d85cbb2', 'Chương 1: Giới thiệu về Java','2023-11-17T14:10:50.660', 0),
('663e6eed-a0f8-4560-a1c4-caf77f2ad8ed', '70a5d232-e4c3-42aa-b4ec-bca4ce1fec52', 'Chương 2: Cơ bản về công cụ thiết kế đồ họa','2023-11-17T14:10:50.660', 0),
('cccbc5d1-84a9-4d6c-8973-cbc6e462e7e2', '7cf1db66-9eee-4039-9d3c-633e5b2c801a', 'Chương 5: Trí tuệ nhân tạo và học máy','2023-11-17T14:10:50.660', 0),
('faa8061c-2642-40ac-a002-cd772f59dd06', '2a4a1b9e-4263-4cb0-9d2a-51137915f600', 'Chương 5: Quản lý xung đột và giải quyết tranh chấp','2023-11-17T14:10:50.660', 0),
('fcb444b2-7e74-4bd1-a057-d2ccd74a1c22', '70a5d232-e4c3-42aa-b4ec-bca4ce1fec52', 'Chương 4: Thực hành thiết kế đồ họa','2023-11-17T14:10:50.660', 0),
('36e1d8ad-b2b7-4e30-b3da-de82952944ca', '70a5d232-e4c3-42aa-b4ec-bca4ce1fec52', 'Chương 5: Tạo hình ảnh và biểu đồ','2023-11-17T14:10:50.660', 0),
('af1953a7-f70b-4640-8ab0-e661757e5c1a', 'a816a89a-edee-4fce-b917-f800f2ce2e8d', 'Chương 2: Xử lý và phân tích dữ liệu','2023-11-17T14:10:50.660', 0),
('f4d79a22-3106-4af1-9c69-eb05dd9c11d4', '2a4a1b9e-4263-4cb0-9d2a-51137915f600', 'Chương 4: Quản lý hiệu suất và đánh giá nhân sự','2023-11-17T14:10:50.660', 0),
('b2a40fc5-5de2-4fdb-9152-ec6155cfe392', '7157c695-b9ce-4774-bf67-49498235607d', 'chuong 1','2023-12-15T13:14:55.727', 0),
('88733259-f5f1-47bf-a497-f4f0ef8236b2', '63d713c2-f42a-44c5-8fc1-5410bce0c276', 'Chương 1: Tiếng Anh','2023-12-14T23:16:01.030', 0),
('b0d183fd-8f64-4591-908c-f7d3fa56e1fa', 'a8ad4d61-6b4b-4684-a591-685db2058b9d', 'Chương 2: Cú pháp cơ bản và biến trong C#','2023-11-17T14:10:50.660', 0),
('bf51761b-f241-4b57-84db-ff68f7698798', '3ca75f6c-5ef9-46a2-9c26-324ec4e81abf', 'Chương 2: Cấu trúc điều khiển','2023-11-17T14:10:50.660', 0); 
  
INSERT INTO hocLieu ("ma_hocLieu", "ma_chuong", "tieuDe", "noiDung", "daXoa", "thoiGianTao") VALUES
('40c7b0bb-a72a-49dd-8d70-48880f0146c7', 'cc2f76b5-6a0d-4e1d-876b-4614b5a9d37e', 'Giáo trình chương 3: Hàm và thư viện', 'Đây là tài liệu chương 3', 0,'2023-11-24T21:51:32.243'),
('343cac63-adee-468b-8f43-5ecf10ef31af', '90e1ffc6-3eff-4ab2-b083-9761c53ba80d', 'Giáo trình chương 1', 'Đây là giáo trình chương 1', 0,'2023-11-24T16:26:19.000'),
('21de19d3-6dcd-46ab-959d-c2d9fb8fa99c', 'b759ddb5-599b-46a6-b040-c2554e308100', 'Tài liệu cú pháp cơ bản của Java', 'Đây là tài liệu chương 2', 0,'2023-11-25T23:28:09.837'),
('f05da243-3c9c-4f1c-b8a8-c5e7bf0e65c6', '0cff6362-e165-4819-af95-9591d6c9f043', 'Giáo trình chương 4', 'Đây là giáo trình chương 4', 0,'2023-11-24T21:56:14.887'),
('6965a5ac-e47a-446e-9629-cc4b5b04d9be', '106b0adc-b6d7-4fa5-b567-00fe40cb40e1', 'Giáo trình chương 5: OOP', 'Đây là tài liệu chương 5', 1,'2023-11-24T21:58:47.620'),
('aaaea52c-a96d-4f84-b3a3-f52e4db0e28d', 'fcbab77b-59b4-40d9-8d6a-ca6e7f6f4fb3', 'Giáo trình chương 1', 'Giáo trình lập trình java', 0,'2023-11-24T22:00:13.130'),
('1da918de-1ac8-4a2d-a1a7-f9f04306b694', 'bf51761b-f241-4b57-84db-ff68f7698798', 'Giáo trình chương 2', 'Đây là giáo trình chương 2', 0,'2023-11-24T16:26:19.570');
  

INSERT INTO fileHocLieu ("ma_hocLieu", "tenFile", "ma_file") VALUES 
('40c7b0bb-a72a-49dd-8d70-48880f0146c7', 'Winform-7.docx', '1oSzCQGkdb49xzjH0xtgmOp-tIDbnwWop'),
('40c7b0bb-a72a-49dd-8d70-48880f0146c7', 'Btap OOP cơ bản.pdf', '1cFmoBXcpl4aocBeKNLrpTEhXwh5S9bhX'),
('f05da243-3c9c-4f1c-b8a8-c5e7bf0e65c6', 'Hộp đen.1.pdf', '1mQmNU_Fcg4yZnYQvt-5aTfd_BnkJyqvQ'),
('6965a5ac-e47a-446e-9629-cc4b5b04d9be', 'Btap OOP cơ bản.pdf', '1lnoD8n4vQ0ScT7NU3SNdjiODmnL687Uz'),
('6965a5ac-e47a-446e-9629-cc4b5b04d9be', 'BT-OOP-nâng-cao.pdf', '1d-Z1W8OwFoTJWyZn2obBUBJot5yp1BXU'),
('6965a5ac-e47a-446e-9629-cc4b5b04d9be', 'OOP-nâng-cao-trong-C.pdf', '1mqcDkLlj7shS84UJgL8cIvpiA0Mzibj1'),
('aaaea52c-a96d-4f84-b3a3-f52e4db0e28d', 'Bài tập CB.pdf', '1Z5uXJ04_luxhsrGl_in1NaEDKwo4xXvI'),
('21de19d3-6dcd-46ab-959d-c2d9fb8fa99c', 'ADO_NET.pdf', '1YA7dR_bRdWAMSpYT6E1O_mjNP7BNJs0K'),
('21de19d3-6dcd-46ab-959d-c2d9fb8fa99c', 'Bài tập CB.pdf', '1iZLh_VV7u7gm0KMrZrzcvz8xt6tkC_JG'),
('f05da243-3c9c-4f1c-b8a8-c5e7bf0e65c6', 'DanhSachHocSinh.xlsx', '1lW5a4LfkpcqNyYF6OkHGzHupXdNinKOC'),
('343cac63-adee-468b-8f43-5ecf10ef31af', 'Tuần 1.pdf', '1Mkhbbi_d3yjvCpRFhq8WwFwhmdehiczD'),
('343cac63-adee-468b-8f43-5ecf10ef31af', 'Btap OOP cơ bản.pdf', '1N7WZ1UJ9LoHkdnR07fpyL_wYiZrAIphP'),
('343cac63-adee-468b-8f43-5ecf10ef31af', 'Bài tập CB.pdf', '1SFOuS1HA0h12pTvBt-43ZWdPbBQMpX60'),
('343cac63-adee-468b-8f43-5ecf10ef31af', 'ADO_NET.pdf', '1QX1FCI6cnDorV38RYzCObdo-27Ajm0g3'),
('343cac63-adee-468b-8f43-5ecf10ef31af', 'BT-OOP-nâng-cao.pdf', '1FDtm4sBo3eAgNbfkSgEwalaGNbij9IDd'),
('1da918de-1ac8-4a2d-a1a7-f9f04306b694', 'bai-tap-thuc-hanh-lap-trinh-winform-bai-2.pdf', '1zeqZqJt4j3VB3SQJbdSsDJRg1XgJU1AS'),
('1da918de-1ac8-4a2d-a1a7-f9f04306b694', 'bai-tap-thuc-hanh-lap-trinh-winform-bai-3.pdf', '17JhiAETGnYaYJo2OJqGTmimGo4f0IIFK'),
('1da918de-1ac8-4a2d-a1a7-f9f04306b694', 'Btap OOP cơ bản.pdf', '1sEvau88JCOI2SF0TgtC1igMFFehWVbHz'),
('1da918de-1ac8-4a2d-a1a7-f9f04306b694', 'ADO_NET.pdf', '1qa6sm_bmqdDoGl0kdv240D-UK79ceG0c');
  

INSERT INTO banBe ("ma_nguoiKetBan", "ma_nguoiDuocKetBan", "thoiGianKetBan", "daKetBan") VALUES
('6b157e9a-4f74-4ee8-a893-06bc950f4272', '1cfa4d8e-5f63-45f6-9cc9-b1ecae2c14f9','2023-12-12T15:28:12.130', 2),
('58824edd-2ce6-46e8-97f3-8ca6970d8cbf', '1cfa4d8e-5f63-45f6-9cc9-b1ecae2c14f9','2023-12-14T22:08:40.177', 1),
('58824edd-2ce6-46e8-97f3-8ca6970d8cbf', '17593a02-3763-4b70-9454-d71c3af0bd19','2023-12-04T00:00:00.000', 1),
('58824edd-2ce6-46e8-97f3-8ca6970d8cbf', '6fcb6a47-75c2-425c-bbbd-ff7137a5fd54','2023-12-14T21:58:19.537', 0),
('1cfa4d8e-5f63-45f6-9cc9-b1ecae2c14f9', '17593a02-3763-4b70-9454-d71c3af0bd19','2023-12-08T00:00:00.000', 1),
('1cfa4d8e-5f63-45f6-9cc9-b1ecae2c14f9', '6fcb6a47-75c2-425c-bbbd-ff7137a5fd54','2023-12-14T21:57:14.573', 1);
  

INSERT INTO tinNhanBanBe ("ma_tinNhan", "ma_nguoiGui", "ma_nguoiNhan", "noiDung", "thoiGianGui", "daXoa") VALUES
('a9e4113c-8e40-4f70-9ccd-2f35ee7676d0', '58824edd-2ce6-46e8-97f3-8ca6970d8cbf', '17593a02-3763-4b70-9454-d71c3af0bd19', 'hellooooo','2023-12-04T10:42:39.000', 0),
('552c4556-1c5a-4483-8987-76927b16a1f3', '6b157e9a-4f74-4ee8-a893-06bc950f4272', '1cfa4d8e-5f63-45f6-9cc9-b1ecae2c14f9', 'hellooooo','2023-12-12T15:29:01.933', 1),
('23a07305-2a3b-406d-82a4-7aa0c7c1673a', '58824edd-2ce6-46e8-97f3-8ca6970d8cbf', '1cfa4d8e-5f63-45f6-9cc9-b1ecae2c14f9', 'hello','2023-12-14T22:10:35.357', 1),
('fbf49c10-0606-484e-b831-8e615d4f3c02', '1cfa4d8e-5f63-45f6-9cc9-b1ecae2c14f9', '17593a02-3763-4b70-9454-d71c3af0bd19', 'hello','2023-12-08T17:10:34.837', 0),
('9df61442-60a1-4f1b-97b3-cf01a64ec751', '1cfa4d8e-5f63-45f6-9cc9-b1ecae2c14f9', '58824edd-2ce6-46e8-97f3-8ca6970d8cbf', 'hello','2023-12-04T10:39:37.000', 1),
('2a920f4d-a5e4-4f6b-82df-da6b47cede11', '1cfa4d8e-5f63-45f6-9cc9-b1ecae2c14f9', '6b157e9a-4f74-4ee8-a893-06bc950f4272', 'haloooo','2023-12-14T22:09:11.777', 1);
  
 
INSERT INTO baiTap ("ma_baiTap", "ma_chuong", "tieuDe", "noiDungBaiTap", "noiDungDapAn", "thoiGianTao", "thoiGianKetThuc", "congKhaiDapAn", "daXoa", "thoiGianBatDau", "nopBu") VALUES 
('d63b9dc3-ff86-4f1b-9816-0075a09d54f0', 'cccbc5d1-84a9-4d6c-8973-cbc6e462e7e2', 'Nghiên cứu và phát triển trí tuệ nhân tạo (AI).', 'Bài tập về nghiên cứu và phát triển trí tuệ nhân tạo (AI).', '', '2023-11-17T14:10:50.663', '2024-11-17T14:10:50.663', 0, 0, '2023-11-28T15:30:22.383', 0),
('fb28e2ea-1952-4b2c-afac-02b8bbd2d894', '663e6eed-a0f8-4560-a1c4-caf77f2ad8ed', 'Thiết kế một logo cho một thương hiệu mới.', 'Bài tập về thiết kế logo cho thương hiệu mới.', '', '2023-11-17T14:10:50.663', '2024-11-17T14:10:50.663', 0, 0, '2023-11-28T15:30:22.383', 0),
('52952085-36e2-4211-bcb3-0487d56e0185', 'd3602b84-0b4e-4f34-9b50-aceccf3451ff', 'Tạo chiến dịch quảng cáo trên mạng xã hội', 'Lập kế hoạch và triển khai chiến dịch quảng cáo trên các mạng xã hội.', '', '2023-11-17T14:10:50.663', '2024-11-17T14:10:50.663', 0, 0, '2023-11-28T15:30:22.383', 0),
('9fb15e7c-e849-48d3-8a5e-070f561a6ed1', 'ffedaccc-7bbc-421c-a5d7-92bf04399445', 'Tính toán và dự đoán định luật Coulomb trong điện động lực học.', '', '', '2023-11-17T14:10:50.663', '2024-11-17T14:10:50.663', 0, 0, '2023-11-28T15:30:22.383', 0),
('c2a0bbcd-1393-4603-bda2-0757028a91ea', '3e84d2d6-24d6-4040-a126-063daca6fb36', 'Xem xét hiệu ứng ánh sáng và tính chất của sóng điện từ trong vật lý lý thuyết.', '', '', '2023-11-17T14:10:50.663', '2024-11-17T14:10:50.663', 0, 0, '2023-11-28T15:30:22.383', 0),
('18abb02b-4d91-46d4-9cc8-0b9845cd60ed', '106b0adc-b6d7-4fa5-b567-00fe40cb40e1', 'Mạng: Ứng dụng mạng sử dụng giao thức TCP hoặc UDP.', 'Description for M?ng.', '', '2023-11-17T14:10:50.663', '2024-11-17T14:10:50.663', 0, 0, '2023-11-28T15:30:22.383', 0),
('13e4c507-f2d2-4c0c-af18-0c4aea83c446', '8a4933b9-f7c5-4030-bf4f-8a874d665d17', 'Thiết kế hệ thống đánh giá hiệu suất nhân viên.', 'Bài tập về thiết kế hệ thống đánh giá hiệu suất nhân viên.', '', '2023-11-17T14:10:50.663', '2024-11-17T14:10:50.663', 0, 0, '2023-11-28T15:30:22.383', 0),
('acc3d106-31e3-4e1a-b16d-0fe04f092c83', '7d05dbef-094d-4ff8-919c-a21e2e73392a', 'Phát triển trò chơi máy tính đa nền tảng.', 'Bài tập về phát triển trò chơi máy tính đa nền tảng.', '', '2023-11-17T14:10:50.663', '2024-11-17T14:10:50.663', 0, 0, '2023-11-28T15:30:22.383', 0),
('69fec547-bd29-4656-b07f-161e2766e6f6', '9ce0a8e3-142c-498f-baff-565f33c6cf4e', 'Xây dựng hệ thống quản lý cơ sở dữ liệu.', 'Bài tập về xây dựng hệ thống quản lý cơ sở dữ liệu.', '', '2023-11-17T14:10:50.663', '2024-11-17T14:10:50.663', 0, 0, '2023-11-28T15:30:22.383', 0),
('ab8fa484-a20b-4eab-bae7-193a1e453c32', '9b60c953-c291-4028-b092-79600ea713a2', 'Tạo một poster quảng cáo cho sản phẩm hoặc dịch vụ.', 'Bài tập về tạo poster quảng cáo.', '', '2023-11-17T14:10:50.663', '2024-11-17T14:10:50.663', 0, 0, '2023-11-28T15:30:22.383', 0),
('8a9bc489-a639-4225-90a0-19c67d7c7260', '663e6eed-a0f8-4560-a1c4-caf77f2ad8ed', 'Tạo một hình minh họa cho một bài viết trực tuyến hoặc bản in.', 'Bài tập về tạo hình minh họa cho bài viết trực tuyến hoặc bản in.', '', '2023-11-17T14:10:50.663', '2024-11-17T14:10:50.663', 0, 0, '2023-11-28T15:30:22.383', 0),
('fcad45e1-818d-49c3-abfa-1b239d760a78', 'b759ddb5-599b-46a6-b040-c2554e308100', 'Bài tập Java 2', 'Viết một ứng dụng Java để quản lý danh bạ.', '', '2023-11-17T14:10:50.663', '2024-11-17T14:10:50.663', 0, 0, '2023-11-28T15:30:22.383', 0),
('9a653320-430b-4b79-8db3-1be122a9b649', '90e1ffc6-3eff-4ab2-b083-9761c53ba80d', 'Sắp xếp và Tìm kiếm: Thực hiện sắp xếp và tìm kiếm mảng số nguyên.', 'Description for S?p x?p và T?m ki?m.', '', '2023-11-17T14:10:50.663', '2024-11-17T14:10:50.663', 0, 0, '2023-11-28T15:30:22.383', 0),
('f6d860a0-d050-488d-8c11-1e363a1d952c', '55efc63e-39b6-4a7d-943b-6e5c574548ca', 'Viết chương trình C# để tính tổng hai số.', 'Bài tập về viết chương trình C# để tính tổng hai số.', '', '2023-11-17T14:10:50.663', '2024-11-17T14:10:50.000', 0, 0, '2023-12-02T23:30:00.000', 0),
('f21750a0-4129-4484-9a71-1ea1622a5317', '2f5ab3a7-e6ae-41c7-8211-22460f7345db', 'Lập trình ứng dụng di động cho nền tảng Android.', 'Bài tập về lập trình ứng dụng di động cho nền tảng Android.', '', '2023-11-17T14:10:50.663', '2024-11-17T14:10:50.663', 0, 0, '2023-11-28T15:30:22.383', 0),
('2d617b25-ce9f-42a3-95bc-208831be2667', '2f5ab3a7-e6ae-41c7-8211-22460f7345db', 'Xây dựng hệ thống thông tin đối tượng (IoT).', 'Bài tập về xây dựng hệ thống thông tin đối tượng (IoT).', '', '2023-11-17T14:10:50.663', '2024-11-17T14:10:50.663', 0, 0, '2023-11-28T15:30:22.383', 0),
('c5a1ff8b-e1ce-419e-a2e6-2904ff7611c3', 'd3602b84-0b4e-4f34-9b50-aceccf3451ff', 'Tạo chiến dịch tiếp thị trực tiếp', 'Lập kế hoạch và triển khai chiến dịch tiếp thị trực tiếp đối với khách hàng.', '', '2023-11-17T14:10:50.663', '2024-11-17T14:10:50.663', 0, 0, '2023-11-28T15:30:22.383', 0),
('5949bb73-382e-4640-85aa-29661e35bb84', 'e681aef3-08b5-4639-a413-18a14af9b631', 'Tạo chiến dịch quảng cáo truyền hình', 'Lập kế hoạch và triển khai chiến dịch quảng cáo truyền hình hoặc tương tác.', '', '2023-11-17T14:10:50.663', '2024-11-17T14:10:50.663', 0, 0, '2023-11-28T15:30:22.383', 0),
('942d59a7-f2d4-4f9a-b8b6-30dcc162b7b3', '0315d9bc-b5b0-443d-bd61-b8a2faf0246c', 'Tạo chiến dịch quảng cáo ngoại trời', 'Lập kế hoạch và thực hiện chiến dịch quảng cáo ngoại trời hoặc quảng cáo dưới trời.', '', '2023-11-17T14:10:50.663', '2024-11-17T14:10:50.663', 0, 0, '2023-11-28T15:30:22.383', 0),
('1ccdd26c-9d53-4b06-8c99-325742de36c4', 'ddeb0e8e-a81d-453a-99a5-734035921c3f', 'Phát triển ứng dụng C# quản lý nhân viên.', 'Bài tập về phát triển ứng dụng C# quản lý nhân viên.', '', '2023-11-17T14:10:50.663', '2024-11-17T14:10:50.663', 0, 0, '2023-11-28T15:30:22.383', 0),
('54b5ad68-339c-4ea6-93b6-34cedd673391', 'ffdfb03f-70a9-4311-9ad4-0b5c295b3276', 'Phân tích tình hình thị trường và xác định cơ hội kinh doanh.', 'Bài tập về phân tích tình hình thị trường và xác định cơ hội kinh doanh.', '', '2023-11-17T14:10:50.663', '2024-11-17T14:10:50.663', 0, 0, '2023-11-28T15:30:22.383', 0),
('6a132090-d9df-41a1-a495-3a53b464c2a9', 'e8e32c99-2d66-426e-9c8e-5e03b6aeaec7', 'Bài tập Java 8', 'Viết một ứng dụng Java cho quản lý nhân viên.', '', '2023-11-17T14:10:50.663', '2024-11-17T14:10:50.663', 0, 0, '2023-11-28T15:30:22.383', 0),
('b1720ba7-ef40-45c3-87ac-3de050abd0d8', 'dd3e506a-0d8f-4e23-a9d1-b5e3d0ed6fd3', 'Xây dựng hệ thống khuyến nghị sản phẩm', 'Dựa trên hành vi trước đó của người dùng.', '', '2023-11-17T14:10:50.663', '2024-11-17T14:10:50.663', 0, 0, '2023-11-28T15:30:22.383', 0),
('32338e91-51b6-4367-b356-3fd6726d2d4c', 'faa8061c-2642-40ac-a002-cd772f59dd06', 'Xây dựng chính sách và quy trình HR.', 'Bài tập về xây dựng chính sách và quy trình HR.', '', '2023-11-17T14:10:50.663', '2024-11-17T14:10:50.663', 0, 0, '2023-11-28T15:30:22.383', 0),
('18ea2b73-4fac-4c58-9d10-4445a19e3fde', '3e84d2d6-24d6-4040-a126-063daca6fb36', 'bài tập', 'đây là nội dung bài tập', 'đây là đáp án ', '2023-12-15T12:10:09.000', '2023-12-15T12:38:57.000', 1, 0, '2023-12-15T12:13:57.000', 1),
('5b3373a4-708a-40a6-a76f-45083b4741c3', 'fcb444b2-7e74-4bd1-a057-d2ccd74a1c22', 'Tạo một giao diện người dùng cho ứng dụng di động hoặc trang web.', 'Bài tập về thiết kế giao diện người dùng.', '', '2023-11-17T14:10:50.663', '2024-11-17T14:10:50.663', 0, 0, '2023-11-28T15:30:22.383', 0),
('92e008e9-6c76-48ed-bc42-456de7a720cd', '55efc63e-39b6-4a7d-943b-6e5c574548ca', 'Viết ứng dụng C# cho quản lý sản phẩm.', 'Bài tập về viết ứng dụng C# cho quản lý sản phẩm.', '', '2023-11-17T14:10:50.663', '2024-11-17T14:10:50.663', 0, 0, '2023-11-28T15:30:22.383', 0),
('70f8f98f-4e8c-4e0d-8f8f-4588faaa246e', '4859329d-0d35-442d-8aac-0ea1afcc2f54', 'Tạo bản đồ dữ liệu địa lý', 'Phân tích vị trí địa lý cho dự án liên quan đến vị trí.', '', '2023-11-17T14:10:50.663', '2024-11-17T14:10:50.663', 0, 0, '2023-11-28T15:30:22.383', 0),
('24eabbf5-9f6a-4317-8c8b-47d64123e61b', '6ed16d56-e334-4d12-a157-09b086b861b5', 'Xây dựng ứng dụng đồ họa C#.', 'Bài tập về xây dựng ứng dụng đồ họa C#.', '', '2023-11-17T14:10:50.663', '2024-11-17T14:10:50.663', 0, 0, '2023-11-28T15:30:22.383', 0),
('61c26ae3-b99d-4186-813e-485e26678bc3', 'f4d79a22-3106-4af1-9c69-eb05dd9c11d4', 'Tạo kế hoạch đào tạo và phát triển nhân viên.', 'Bài tập về tạo kế hoạch đào tạo và phát triển nhân viên.', '', '2023-11-17T14:10:50.663', '2024-11-17T14:10:50.663', 0, 0, '2023-11-28T15:30:22.383', 0),
('f9ccd273-a729-4b55-a75a-487aecb2d6f6', 'c5a1f0e2-1b92-4e6c-b22f-bb90afa01940', 'Nghiên cứu các nguyên tố và cấu trúc nguyên tử dựa trên lý thuyết nguyên tử.', '', '', '2023-11-17T14:10:50.663', '2024-11-17T14:10:50.663', 0, 0, '2023-11-28T15:30:22.383', 0),
('3e4d2e4c-9498-44cb-9450-4eb0b2dacef1', '190d8526-3a71-4ea5-bb97-5124f64f7483', 'Phân tích tập dữ liệu Titanic', 'Dự đoán sống/chết của hành khách.', '', '2023-11-17T14:10:50.663', '2024-11-17T14:10:50.663', 0, 0, '2023-11-28T15:30:22.383', 0),
('9f58c462-4bf0-4321-b167-4fbd821f2e1a', 'b759ddb5-599b-46a6-b040-c2554e308100', 'Bài tập Java 7', 'Xây dựng một ứng dụng Java dự đoán thời tiết.', '', '2023-11-17T14:10:50.663', '2024-11-17T14:10:50.663', 0, 0, '2023-11-28T15:30:22.383', 0),
('becd6eea-93a2-49c6-9acf-5243b1c38871', 'df258757-02e0-478f-ba6a-93bd70ec02fa', 'Nghiên cứu sự biến đổi của vật chất dưới áp lực và nhiệt độ cực thấp.', '', '', '2023-11-17T14:10:50.663', '2024-11-17T14:10:50.663', 0, 0, '2023-11-28T15:30:22.383', 0),
('fa9229c0-aee7-4f02-911f-53cc58fbf64c', '9b60c953-c291-4028-b092-79600ea713a2', 'Tạo một gói thiết kế cho sản phẩm đóng gói.', 'Bài tập về tạo gói thiết kế cho sản phẩm đóng gói.', '', '2023-11-17T14:10:50.663', '2024-11-17T14:10:50.663', 0, 0, '2023-11-28T15:30:22.383', 0),
('d2004b69-899f-495a-8c5b-54a5d0b09991', 'c00c1128-81f9-4444-992c-1703dd3d1b52', 'Phân tích tài chính và tạo ngân sách doanh nghiệp.', 'Bài tập về phân tích tài chính và tạo ngân sách doanh nghiệp.', '', '2023-11-17T14:10:50.663', '2024-11-17T14:10:50.663', 0, 0, '2023-11-28T15:30:22.383', 0),
('4903a535-9c3f-4250-b7fc-64d3ad1c3018', 'f8ad623e-0c71-4954-b30d-20df2016aadc', 'Lập kế hoạch kinh doanh cho một doanh nghiệp mới.', 'Bài tập về lập kế hoạch kinh doanh cho doanh nghiệp mới.', '', '2023-11-17T14:10:50.663', '2024-11-17T14:10:50.663', 0, 0, '2023-11-28T15:30:22.383', 0),
('b0360afa-4ba0-4780-b698-66e486e66266', '84a4b723-c50d-4a69-a33d-429e1f143f5c', 'Tạo chiến dịch tiếp thị tương tác', 'Lập kế hoạch và thực hiện chiến dịch tiếp thị tương tác để tạo sự tham gia của khách hàng.', '', '2023-11-17T14:10:50.663', '2024-11-17T14:10:50.663', 0, 0, '2023-11-28T15:30:22.383', 0),
('e7135ca9-caca-4f90-a656-695ba7225705', '75abb487-2315-4bc9-8bdb-8071f2047013', 'Phân tích cơ cấu tổ chức và vai trò của từng bộ phận.', 'Bài tập về phân tích cơ cấu tổ chức và vai trò của từng bộ phận.', '', '2023-11-17T14:10:50.663', '2024-11-17T14:10:50.663', 0, 0, '2023-11-28T15:30:22.383', 0),
('d0ccb292-e0a6-46a7-84d0-6ad9246e5968', '25d57ef6-c76c-4659-a09c-0ba40c0eb511', 'Xây dựng ứng dụng C# cho quản lý đơn hàng.', 'Bài tập về xây dựng ứng dụng C# cho quản lý đơn hàng.', '', '2023-11-17T14:10:50.663', '2024-11-17T14:10:50.663', 0, 0, '2023-11-28T15:30:22.383', 0),
('0d727e5a-029a-440d-9e2e-72d8353fa56a', 'bf51761b-f241-4b57-84db-ff68f7698798', 'Xử lý chuỗi: Đảo ngược chuỗi, tách từ trong câu, kiểm tra Palindrome.', 'Description for X? l? chu?i.', '', '2023-11-17T14:10:50.663', '2024-11-17T14:10:50.663', 0, 0, '2023-11-28T15:30:22.383', 0),
('e60771d3-f71b-4a24-9334-76be4a170c98', '6ed16d56-e334-4d12-a157-09b086b861b5', 'Viết ứng dụng C# cho quản lý học sinh.', 'Bài tập về viết ứng dụng C# cho quản lý học sinh.', '', '2023-11-17T14:10:50.663', '2024-11-17T14:10:50.663', 0, 0, '2023-11-28T15:30:22.383', 0),
('fc0efd23-ee70-44ff-a369-79150549c0d6', 'e681aef3-08b5-4639-a413-18a14af9b631', 'Tạo chiến dịch email marketing', 'Thiết kế và triển khai chiến dịch email marketing để tương tác với khách hàng.', '', '2023-11-17T14:10:50.663', '2024-11-17T14:10:50.663', 0, 0, '2023-11-28T15:30:22.383', 0),
('33d197b2-86e4-4a48-94b7-7a25ba9bf2c9', 'cc2f76b5-6a0d-4e1d-876b-4614b5a9d37e', 'Đệ quy: Tính số Fibonacci hoặc tìm kiếm đệ quy trong cây nhị phân.', 'Description for Đ? quy.', '', '2023-11-17T14:10:50.663', '2024-11-17T14:10:50.663', 0, 0, '2023-11-28T15:30:22.383', 0),
('1ac28eee-8f0e-4475-aa28-7d073e3ad69c', '36e1d8ad-b2b7-4e30-b3da-de82952944ca', 'Tạo một ảnh nghệ thuật hoặc tranh sáng tạo.', 'Bài tập về tạo ảnh nghệ thuật hoặc tranh sáng tạo.', '', '2023-11-17T14:10:50.663', '2024-11-17T14:10:50.663', 0, 0, '2023-11-28T15:30:22.383', 0),
('da02cfc7-a366-46e1-8482-80ee911dbe47', '3e84d2d6-24d6-4040-a126-063daca6fb36', 'Phân tích sóng cơ học lượng tử cho các hạt như điện tử và photon.', '', '', '2023-11-17T14:10:50.663', '2024-11-17T14:10:50.663', 0, 0, '2023-11-28T15:30:22.383', 0),
('5123f8d9-a4f0-421f-b020-81c916b2c588', 'df258757-02e0-478f-ba6a-93bd70ec02fa', 'Điều tra tính chất của các loại bức xạ, chẳng hạn như bức xạ gamma và tia X.', '', '', '2023-11-17T14:10:50.663', '2024-11-17T14:10:50.663', 0, 0, '2023-11-28T15:30:22.383', 0),
('5136e686-d611-4b8a-8d2f-825aa97ff6a6', 'c00c1128-81f9-4444-992c-1703dd3d1b52', 'Quản lý rủi ro và chiến lược bảo vệ doanh nghiệp.', 'Bài tập về quản lý rủi ro và chiến lược bảo vệ doanh nghiệp.', '', '2023-11-17T14:10:50.663', '2024-11-17T14:10:50.663', 0, 0, '2023-11-28T15:30:22.383', 0),
('954f1acf-c2c9-4fdd-ab1d-8543075b4621', 'af1953a7-f70b-4640-8ab0-e661757e5c1a', 'Xây dựng mô hình phân loại', 'Dự đoán giá nhà dựa trên thông tin bất động sản.', '', '2023-11-17T14:10:50.663', '2024-11-17T14:10:50.663', 0, 0, '2023-11-28T15:30:22.383', 0),
('1748422d-eb04-4cef-99bf-8a21f28f0550', '7a85dbb5-3bd1-415b-8bbf-1b6057a5964b', 'Quản lý và phát triển nhân sự trong tổ chức.', 'Bài tập về quản lý và phát triển nhân sự trong tổ chức.', '', '2023-11-17T14:10:50.663', '2024-11-17T14:10:50.663', 0, 0, '2023-11-28T15:30:22.383', 0),
('7499399b-3300-4a16-b2db-8ca2b2126f38', 'f4d79a22-3106-4af1-9c69-eb05dd9c11d4', 'Tạo kế hoạch đào tạo và phát triển cá nhân.', 'Bài tập về tạo kế hoạch đào tạo và phát triển cá nhân.', '', '2023-11-17T14:10:50.663', '2024-11-17T14:10:50.663', 0, 0, '2023-11-28T15:30:22.383', 0),
('66b83dd0-6c92-4ea9-9216-91f1c9eb9977', '75abb487-2315-4bc9-8bdb-8071f2047013', 'Quản lý tuyển dụng và tuyển dụng nhân viên mới.', 'Bài tập về quản lý tuyển dụng và tuyển dụng nhân viên mới.', '', '2023-11-17T14:10:50.663', '2024-11-17T14:10:50.663', 0, 0, '2023-11-28T15:30:22.383', 0),
('74a56d4c-1fe9-4e91-a010-93ece5837c10', '84a4b723-c50d-4a69-a33d-429e1f143f5c', 'Tạo kế hoạch tiếp thị nội dung', 'Phát triển kế hoạch tiếp thị nội dung cho việc tạo và chia sẻ nội dung giá trị.', '', '2023-11-17T14:10:50.663', '2024-11-17T14:10:50.663', 0, 0, '2023-11-28T15:30:22.383', 0),
('bca92afd-9038-4d27-b8b5-94d9ba364fae', 'b0d183fd-8f64-4591-908c-f7d3fa56e1fa', 'Xây dựng ứng dụng quản lý danh bạ sử dụng C#.', 'Bài tập về xây dựng ứng dụng quản lý danh bạ sử dụng C#.', '', '2023-11-17T14:10:50.663', '2024-11-17T14:10:50.663', 0, 0, '2023-11-28T15:30:22.383', 0),
('31d5aa51-6b50-4a2a-b149-98698f977de2', 'e6fe44c5-1c0d-4398-a3ac-62257f9f1e61', 'Sử dụng kỹ thuật khai phá dữ liệu', 'Tìm ra các mẫu và thông tin thú vị từ tập dữ liệu lớn.', '', '2023-11-17T14:10:50.663', '2024-11-17T14:10:50.663', 0, 0, '2023-11-28T15:30:22.383', 0),
('e3b0b789-0c21-4519-936f-9a3ef73b612c', '0cff6362-e165-4819-af95-9591d6c9f043', 'Xử lý File: Đọc và ghi dữ liệu vào tệp tin.', 'Description for X? l? File.', '', '2023-11-17T14:10:50.663', '2024-11-17T14:10:50.663', 0, 0, '2023-11-28T15:30:22.383', 0),
('6c7cee02-2ef0-4112-9dbb-9ad3380f3ecb', 'c5a1f0e2-1b92-4e6c-b22f-bb90afa01940', 'Nghiên cứu cơ học lý thuyết của dòng điện và từ trường.', '', '', '2023-11-17T14:10:50.663', '2024-11-17T14:10:50.663', 0, 0, '2023-11-28T15:30:22.383', 0),
('451c89db-4da5-4694-b599-a159025a2716', '7a85dbb5-3bd1-415b-8bbf-1b6057a5964b', 'Phát triển chiến lược mở rộng hoặc sáp nhập và sáp nhập.', 'Bài tập về phát triển chiến lược mở rộng hoặc sáp nhập và sáp nhập.', '', '2023-11-17T14:10:50.663', '2024-11-17T14:10:50.663', 0, 0, '2023-11-28T15:30:22.383', 0),
('339ace1c-2ff2-45de-8355-a2083dff7cf3', 'e6fe44c5-1c0d-4398-a3ac-62257f9f1e61', 'Tạo kế hoạch tiếp thị cho sản phẩm mới', 'Phân tích thị trường và xây dựng kế hoạch tiếp thị cho một sản phẩm hoặc dịch vụ mới.', '', '2023-11-17T14:10:50.663', '2024-11-17T14:10:50.663', 0, 0, '2023-11-28T15:30:22.383', 0),
('c66b15ff-a431-468c-8883-a2cbdecaeb35', 'ddeb0e8e-a81d-453a-99a5-734035921c3f', 'Lập trình ứng dụng C# sử dụng Windows Forms.', 'Bài tập về lập trình ứng dụng C# sử dụng Windows Forms.', '', '2023-11-17T14:10:50.663', '2024-11-17T14:10:50.663', 0, 0, '2023-11-28T15:30:22.383', 0),
('a37167d7-19f2-4dd2-b78f-a5ce71c1cedf', '02b7bf16-fc5f-4f1d-b4f3-481abaef2d3b', 'Bài tập Java 10', 'Viết một ứng dụng Java cho quản lý học sinh.', '', '2023-11-17T14:10:50.663', '2024-11-17T14:10:50.663', 0, 0, '2023-11-28T15:30:22.383', 0),
('576a4475-837b-4dcb-b284-a622ea21ca2f', 'd3602b84-0b4e-4f34-9b50-aceccf3451ff', 'Phân tích dữ liệu về tiêu dùng', 'Tạo chiến dịch tiếp thị hiệu quả hơn cho công ty.', '', '2023-11-17T14:10:50.663', '2024-11-17T14:10:50.663', 0, 0, '2023-11-28T15:30:22.383', 0),
('32bf09b9-1d48-4974-bfc8-a9441d61789c', 'fcbab77b-59b4-40d9-8d6a-ca6e7f6f4fb3', 'Bài tập Java 6', 'Viết một ứng dụng Java cho quản lý sản phẩm.', '', '2023-11-17T14:10:50.663', '2024-11-17T14:10:50.663', 0, 0, '2023-11-28T15:30:22.383', 0),
('a0c97dc0-53d2-476a-96c9-abc34751fb02', '89ab4a74-badc-4b60-ae27-a0808edef353', 'Thiết kế biểu ngữ cho một sự kiện hoặc doanh nghiệp cụ thể.', 'Bài tập về thiết kế biểu ngữ cho sự kiện hoặc doanh nghiệp.', '', '2023-11-17T14:10:50.663', '2024-11-17T14:10:50.663', 0, 0, '2023-11-28T15:30:22.383', 0),
('31bfb796-64cd-4507-8e3a-ae6b96d5c2e6', '9ce0a8e3-142c-498f-baff-565f33c6cf4e', 'Tạo phần mềm bảo mật và kiểm tra lỗ hổng bảo mật.', 'Bài tập về tạo phần mềm bảo mật và kiểm tra lỗ hổng bảo mật.', '', '2023-11-17T14:10:50.663', '2024-11-17T14:10:50.663', 0, 0, '2023-11-28T15:30:22.383', 0),
('1faa737e-a65d-40c2-8e3d-af5d9e41ed01', '7f8be279-57e8-4edf-9c3d-5922f24ca02d', 'Tư vấn về luật lao động và quy định công ty.', 'Bài tập về tư vấn về luật lao động và quy định công ty.', '', '2023-11-17T14:10:50.663', '2024-11-17T14:10:50.663', 0, 0, '2023-11-28T15:30:22.383', 0),
('c6cb2eff-4753-46d9-b701-b2b053f072a7', 'fcbab77b-59b4-40d9-8d6a-ca6e7f6f4fb3', 'Bài tập Java 1', 'Viết một chương trình Java để tính tổng hai số.', '', '2023-11-17T14:10:50.663', '2024-11-17T14:10:50.663', 0, 0, '2023-11-28T15:30:22.383', 0),
('366b71e2-d12d-4a57-9240-b7411b3b84bd', '3d6aefd5-1d4a-4951-8b2a-6872fdf6b7e4', 'bài tập 2', 'đây là sáo ', '', '2023-12-15T12:14:01.000', '2023-12-15T12:42:28.000', 1, 0, '2023-12-15T12:17:28.000', 0),
('2c5981c0-d7d5-46cb-828a-b83883cb0828', '5b664759-a5fc-46e5-a348-210f1a47a712', 'Bài tập Java 4', 'Viết một ứng dụng Java cho quản lý thư viện.', '', '2023-11-17T14:10:50.663', '2024-11-17T14:10:50.663', 0, 0, '2023-11-28T15:30:22.383', 0),
('2384b31a-afdc-448b-8cdc-bb958b0a32ec', '5b664759-a5fc-46e5-a348-210f1a47a712', 'Bài tập Java 9', 'Xây dựng một ứng dụng Java cho quản lý đơn hàng.', '', '2023-11-17T14:10:50.663', '2024-11-17T14:10:50.663', 0, 0, '2023-11-28T15:30:22.383', 0),
('5e463986-d00f-4f1c-89aa-bf2148daf07f', 'fcb444b2-7e74-4bd1-a057-d2ccd74a1c22', 'Thiết kế một hộp thư rao bán hoặc thiệp mời.', 'Bài tập về thiết kế hộp thư rao bán hoặc thiệp mời.', '', '2023-11-17T14:10:50.663', '2024-11-17T14:10:50.663', 0, 0, '2023-11-28T15:30:22.383', 0),
('a019d639-61ef-4c0e-967b-bf371645aa12', '84a4b723-c50d-4a69-a33d-429e1f143f5c', 'Xây dựng hệ thống dự đoán thời tiết', 'Dựa trên dữ liệu thời tiết lịch sử.', '', '2023-11-17T14:10:50.663', '2024-11-17T14:10:50.663', 0, 0, '2023-11-28T15:30:22.383', 0),
('c1d05c36-f340-4b64-91fc-c28df0aee5e7', '0315d9bc-b5b0-443d-bd61-b8a2faf0246c', 'Tạo chiến dịch tiếp thị truyền hình', 'Lập kế hoạch và triển khai chiến dịch tiếp thị truyền hình hoặc video.', '', '2023-11-17T14:10:50.663', '2024-11-17T14:10:50.663', 0, 0, '2023-11-28T15:30:22.383', 0),
('75d42f0a-9a4b-41a4-ae9c-c995b6690ad2', '61734ed5-972a-4b86-b19a-ae9edab872c1', 'Sử dụng kỹ thuật trích xuất thông tin từ văn bản', 'Phân loại tin tức hoặc bài viết vào các chủ đề khác nhau.', '', '2023-11-17T14:10:50.663', '2024-11-17T14:10:50.663', 0, 0, '2023-11-28T15:30:22.383', 0),
('92f47ecd-fb48-41fc-b26c-cdbf1be9a876', 'b759ddb5-599b-46a6-b040-c2554e308100', 'Bài tập chương 2 (08/12)', 'Đây là bài tập chương 2', 'đây là đáp án cho bài tập chương 2', '2023-12-08T15:26:58.000', '2023-12-08T15:54:52.000', 0, 0, '2023-12-08T15:29:52.000', 0),
('6b9dd425-402c-4679-9555-d1a4b6edc006', 'ffedaccc-7bbc-421c-a5d7-92bf04399445', 'Phân tích vật lý lý thuyết của các hiện tượng về nhiệt độ và áp suất trong chất lỏng và khí.', '', '', '2023-11-17T14:10:50.663', '2024-11-17T14:10:50.663', 0, 0, '2023-11-28T15:30:22.383', 0),
('15f40fb5-7256-434e-9fa2-d36baec3bceb', 'e8e32c99-2d66-426e-9c8e-5e03b6aeaec7', 'Bài tập Java 3', 'Xây dựng một trò chơi sử dụng Java Swing.', '', '2023-11-17T14:10:50.663', '2024-11-17T14:10:50.663', 0, 0, '2023-11-28T15:30:22.383', 0),
('0567f1fb-08c0-4507-bf08-d5432b8d7772', '7d05dbef-094d-4ff8-919c-a21e2e73392a', 'Thiết kế và phát triển ứng dụng web đơn giản.', 'Bài tập về thiết kế và phát triển ứng dụng web đơn giản.', '', '2023-11-17T14:10:50.663', '2024-11-17T14:10:50.663', 0, 0, '2023-11-28T15:30:22.383', 0),
('8d496fad-bfc7-48d3-99c2-d8b54180384f', '106b0adc-b6d7-4fa5-b567-00fe40cb40e1', 'Giao diện người dùng: Xây dựng ứng dụng GUI với Swing hoặc Tkinter.', 'Description for Giao di?n ngư?i dùng.', '', '2023-11-17T14:10:50.663', '2024-11-17T14:10:50.663', 0, 0, '2023-11-28T15:30:22.383', 0),
('45e15fbd-3877-4b2c-bf71-d95f2dbb2801', 'ffdfb03f-70a9-4311-9ad4-0b5c295b3276', 'Nghiên cứu và phát triển chiến lược cạnh tranh.', 'Bài tập về nghiên cứu và phát triển chiến lược cạnh tranh.', '', '2023-11-17T14:10:50.663', '2024-11-17T14:10:50.663', 0, 0, '2023-11-28T15:30:22.383', 0),
('5dab376b-91df-48f7-879e-dae62b242ce2', '3d6aefd5-1d4a-4951-8b2a-6872fdf6b7e4', 'Lời chào', '', 'Hello là xin chào', '2023-12-15T09:25:46.000', '2023-12-15T10:45:00.000', 0, 0, '2023-12-15T09:30:00.000', 0),
('b1f4e7a0-9cf5-4b16-a733-dc730618d559', 'f8df003b-6d7b-4333-8a3a-157d71c081a5', 'Lý thuyết tương đối của Einstein và hiệu ứng động lượng.', '', '', '2023-11-17T14:10:50.663', '2024-11-17T14:10:50.663', 0, 0, '2023-11-28T15:30:22.383', 0),
('c868048f-33cb-4c48-9801-dd5bfc9f820f', '02b7bf16-fc5f-4f1d-b4f3-481abaef2d3b', 'Bài tập Java 5', 'Xây dựng một ứng dụng đồ họa Java.', '', '2023-11-17T14:10:50.663', '2024-11-17T14:10:50.663', 0, 0, '2023-11-28T15:30:22.383', 0),
('0ff591ec-4c9a-44c0-950f-dd9408c06b1c', '8a4933b9-f7c5-4030-bf4f-8a874d665d17', 'Phân tích nhu cầu công việc và tạo mô tả công việc.', 'Bài tập về phân tích nhu cầu công việc và tạo mô tả công việc.', '', '2023-11-17T14:10:50.663', '2024-11-17T14:10:50.663', 0, 0, '2023-11-28T15:30:22.383', 0),
('eacafc3c-c3e4-482a-97b9-de91c61e91f2', '89ab4a74-badc-4b60-ae27-a0808edef353', 'Thiết kế một bản sách điện tử hoặc bìa cho sách in.', 'Bài tập về thiết kế sách điện tử hoặc bìa cho sách in.', '', '2023-11-17T14:10:50.663', '2024-11-17T14:10:50.663', 0, 0, '2023-11-28T15:30:22.383', 0),
('d5a7d7bc-bbc0-4986-9e7f-deafd8cdf271', 'e681aef3-08b5-4639-a413-18a14af9b631', 'Sử dụng dữ liệu y tế', 'Dự đoán nguy cơ mắc bệnh dựa trên yếu tố cá nhân.', '', '2023-11-17T14:10:50.663', '2024-11-17T14:10:50.663', 0, 0, '2023-11-28T15:30:22.383', 0),
('e5a9a1e5-631a-44d9-b211-e1989e656e3d', '36e1d8ad-b2b7-4e30-b3da-de82952944ca', 'Tạo một bộ hình ảnh và màu sắc cho một dự án thương hiệu.', 'Bài tập về tạo bộ hình ảnh và màu sắc cho dự án thương hiệu.', '', '2023-11-17T14:10:50.663', '2024-11-17T14:10:50.663', 0, 0, '2023-11-28T15:30:22.383', 0),
('66103f52-bf20-4bea-a0ff-e330bdc38a52', 'f8ad623e-0c71-4954-b30d-20df2016aadc', 'Xây dựng hệ thống quản lý chuỗi cung ứng.', 'Bài tập về xây dựng hệ thống quản lý chuỗi cung ứng.', '', '2023-11-17T14:10:50.663', '2024-11-17T14:10:50.663', 0, 0, '2023-11-28T15:30:22.383', 0),
('0ca51aa4-925b-440c-93f5-e44a38e938ef', '25d57ef6-c76c-4659-a09c-0ba40c0eb511', 'bài baiapj ádasd', 'Có rất nhiều biến thể của Lorem Ipsum mà bạn có thể tìm thấy, nhưng đa số được biến đổi bằng cách thêm các yếu tố hài hước, các từ ngẫu nhiên có khi không có vẻ gì là có ý nghĩa. Nếu bạn định sử dụng một đoạn Lorem Ipsum, bạn nên kiểm tra kĩ để chắn chắn là không có gì nhạy cảm được giấu ở giữa đoạn văn bản. Tất cả các công cụ sản xuất văn bản mẫu Lorem Ipsum đều được làm theo cách lặp đi lặp lại các đoạn chữ cho tới đủ thì thôi, khiến cho lipsum.com trở thành công cụ sản xuất Lorem Ipsum đáng giá nhất trên mạng. Trang web này sử dụng hơn 200 từ la-tinh, kết hợp thuần thục nhiều cấu trúc câu để tạo ra văn bản Lorem Ipsum trông có vẻ thật sự hợp lí. Nhờ thế, văn bản Lorem Ipsum được tạo ra mà không cần một sự lặp lại nào, cũng không cần chèn thêm các từ ngữ hóm hỉnh hay thiếu trật tự.Có rất nhiều biến thể của Lorem Ipsum mà bạn có thể tìm thấy, nhưng đa số được biến đổi bằng cách thêm các yếu tố hài hước, các từ ngẫu nhiên có khi không có vẻ gì là có ý nghĩa. Nếu bạn định sử dụng một đoạn Lorem Ipsum, bạn nên kiểm tra kĩ để chắn chắn là không có gì nhạy cảm được giấu ở giữa đoạn văn bản. Tất cả các công cụ sản xuất văn bản mẫu Lorem Ipsum đều được làm theo cách lặp đi lặp lại các đoạn chữ cho tới đủ thì thôi, khiến cho lipsum.com trở thành công cụ sản xuất Lorem Ipsum đáng giá nhất trên mạng. Trang web này sử dụng hơn 200 từ la-tinh, kết hợp thuần thục nhiều cấu trúc câu để tạo ra văn bản Lorem Ipsum trông có vẻ thật sự hợp lí. Nhờ thế, văn bản Lorem Ipsum được tạo ra mà không cần một sự lặp lại nào, cũng không cần chèn thêm các từ ngữ hóm hỉnh hay thiếu trật tự.Có rất nhiều biến thể của Lorem Ipsum mà bạn có thể tìm thấy, nhưng đa số được biến đổi bằng cách thêm các yếu tố hài hước, các từ ngẫu nhiên có khi không có vẻ gì là có ý nghĩa. Nếu bạn định sử dụng một đoạn Lorem Ipsum, bạn nên kiểm tra kĩ để chắn chắn là không có gì nhạy cảm được giấu ở giữa đoạn văn bản. Tất cả các công cụ sản xuất văn bản mẫu Lorem Ipsum đều được làm theo cách lặp đi lặp lại các đoạn chữ cho tới đủ thì thôi, khiến cho lipsum.com trở thành công cụ sản xuất Lorem Ipsum đáng giá nhất trên mạng. Trang web này sử dụng hơn 200 từ la-tinh, kết hợp thuần thục nhiều cấu trúc câu để tạo ra văn bản Lorem Ipsum trông có vẻ thật sự hợp lí. Nhờ thế, văn bản Lorem Ipsum được tạo ra mà không cần một sự lặp lại nào, cũng không cần chèn thêm các từ ngữ hóm hỉnh hay thiếu trật tự.Có rất nhiều biến thể của Lorem Ipsum mà bạn có thể tìm thấy, nhưng đa số được biến đổi bằng cách thêm các yếu tố hài hước, các từ ngẫu nhiên có khi không có vẻ gì là có ý nghĩa. Nếu bạn định sử dụng một đoạn Lorem Ipsum, bạn nên kiểm tra kĩ để chắn chắn là không có gì nhạy cảm được giấu ở giữa đoạn văn bản. Tất cả các công cụ sản xuất văn bản mẫu Lorem Ipsum đều được làm theo cách lặp đi lặp lại các đoạn chữ cho tới đủ thì thôi, khiến cho lipsum.com trở thành công cụ sản xuất Lorem Ipsum đáng giá nhất trên mạng. Trang web này sử dụng hơn 200 từ la-tinh, kết hợp thuần thục nhiều cấu trúc câu để tạo ra văn bản Lorem Ipsum trông có vẻ thật sự hợp lí. Nhờ thế, văn bản Lorem Ipsum được tạo ra mà không cần một sự lặp lại nào, cũng không cần chèn thêm các từ ngữ hóm hỉnh hay thiếu trật tự.Có rất nhiều biến thể của Lorem Ipsum mà bạn có thể tìm thấy, nhưng đa số được biến đổi bằng cách thêm các yếu tố hài hước, các từ ngẫu nhiên có khi không có vẻ gì là có ý nghĩa. Nếu bạn định sử dụng một đoạn Lorem Ipsum, bạn nên kiểm tra kĩ để chắn chắn là không có gì nhạy cảm được giấu ở giữa đoạn văn bản. Tất cả các công cụ sản xuất văn bản mẫu Lorem Ipsum đều được làm theo cách lặp đi lặp lại các đoạn chữ cho tới đủ thì thôi, khiến cho lipsum.com trở thành công cụ sản xuất Lorem Ipsum đáng giá nhất trên mạng. Trang web này sử dụng hơn 200 từ la-tinh, kết hợp thuần thục nhiều cấu trúc câu để tạo ra văn bản Lorem Ipsum trông có vẻ thật sự hợp lí. Nhờ thế, văn bản Lorem Ipsum được tạo ra mà không cần một sự lặp lại nào, cũng không cần chèn thêm các từ ngữ hóm hỉnh hay thiếu trật tự.Có rất nhiều biến thể của Lore', '', '2023-12-04T15:15:31.000', '2023-12-04T15:45:08.000', 0, 0, '2023-12-04T15:20:08.000', 0),
('f9dafa8e-22c1-4606-be30-e733dd29b553', 'f8df003b-6d7b-4333-8a3a-157d71c081a5', 'Điều tra các tính chất và ứng dụng của tinh thể học lý thuyết.', '', '', '2023-11-17T14:10:50.663', '2024-11-17T14:10:50.663', 0, 0, '2023-11-28T15:30:22.383', 0),
('76e3cc70-bac4-4bfe-a788-e7c198b977a7', '4c9f9896-6670-410c-ac23-7f8e5e942091', 'Tối ưu hóa quy trình sản xuất và phân phối.', 'Bài tập về tối ưu hóa quy trình sản xuất và phân phối.', '', '2023-11-17T14:10:50.663', '2024-11-17T14:10:50.663', 0, 0, '2023-11-28T15:30:22.383', 0),
('506f8424-64f9-48d2-b844-ea9c5b2af4ca', '4695fa07-dcd3-4b31-908a-67c6760db8a4', 'Phân tích và tối ưu hóa hiệu năng của ứng dụng.', 'Bài tập về phân tích và tối ưu hóa hiệu năng của ứng dụng.', '', '2023-11-17T14:10:50.663', '2024-11-17T14:10:50.663', 0, 0, '2023-11-28T15:30:22.383', 0),
('2afc421d-bb65-44e5-b09c-eb704a694bf3', '4c9f9896-6670-410c-ac23-7f8e5e942091', 'Xây dựng chiến lược tiếp thị và quảng cáo sản phẩm.', 'Bài tập về xây dựng chiến lược tiếp thị và quảng cáo sản phẩm.', '', '2023-11-17T14:10:50.663', '2024-11-17T14:10:50.663', 0, 0, '2023-11-28T15:30:22.383', 0),
('c50aa205-47df-4c31-b758-eb91f9cb356a', 'cc2f76b5-6a0d-4e1d-876b-4614b5a9d37e', 'Đối tượng và Lập trình hướng đối tượng: Tạo lớp đối tượng.', 'Description for Đ?i tư?ng và L?p tr?nh hư?ng đ?i tư?ng.', '', '2023-11-17T14:10:50.663', '2024-11-17T14:10:50.663', 0, 0, '2023-11-28T15:30:22.383', 0),
('963ccadd-0c7f-4039-9295-eb9873e57175', 'e6fe44c5-1c0d-4398-a3ac-62257f9f1e61', 'Tạo chiến dịch tiếp thị nội dung video', 'Lập kế hoạch và tạo nội dung video cho chiến dịch tiếp thị.', '', '2023-11-17T14:10:50.663', '2024-11-17T14:10:50.663', 0, 0, '2023-11-28T15:30:22.383', 0),
('320a232c-8436-4511-b3bd-ebd56f641e7f', 'bf51761b-f241-4b57-84db-ff68f7698798', 'Quản lý Sinh viên: Hệ thống quản lý thông tin sinh viên.', 'Description for Qu?n l? Sinh viên.', '', '2023-11-17T14:10:50.663', '2024-11-17T14:10:50.663', 0, 0, '2023-11-28T15:30:22.383', 0),
('4e3da119-c29e-4c9d-8bbb-ee276b96a4b4', '90e1ffc6-3eff-4ab2-b083-9761c53ba80d', 'Quản lý danh bạ: Xây dựng ứng dụng quản lý danh bạ.', 'Description for Qu?n l? danh b?.', '', '2023-11-17T14:10:50.663', '2024-11-17T14:10:50.663', 0, 0, '2023-11-28T15:30:22.383', 0),
('ffcff13e-978f-4d92-aa2d-ef3ddb42ffe7', '6db15be0-7884-4654-aac8-6704b63437da', 'Xây dựng chính sách và quy trình tuyển dụng.', 'Bài tập về xây dựng chính sách và quy trình tuyển dụng.', '', '2023-11-17T14:10:50.663', '2024-11-17T14:10:50.663', 0, 0, '2023-11-28T15:30:22.383', 0),
('d9e1a2ba-991e-47b8-b1da-f36e2c765c05', '6db15be0-7884-4654-aac8-6704b63437da', 'Quản lý hồ sơ nhân viên và lịch sử làm việc.', 'Bài tập về quản lý hồ sơ nhân viên và lịch sử làm việc.', '', '2023-11-17T14:10:50.663', '2024-11-17T14:10:50.663', 0, 0, '2023-11-28T15:30:22.383', 0),
('5c7b7b7a-1734-4222-8040-f46a18343dc5', '0cff6362-e165-4819-af95-9591d6c9f043', 'Xử lý Exception: Xử lý ngoại lệ và lỗi.', 'Description for X? l? Exception.', '', '2023-11-17T14:10:50.663', '2024-11-17T14:10:50.663', 0, 0, '2023-11-28T15:30:22.383', 0),
('917d4fe6-a296-4211-bfce-f550384b6050', '0315d9bc-b5b0-443d-bd61-b8a2faf0246c', 'Tạo mô hình dự đoán doanh số bán hàng', 'Dựa trên dữ liệu lịch sử và biến đổi mùa.', '', '2023-11-17T14:10:50.663', '2024-11-17T14:10:50.663', 0, 0, '2023-11-28T15:30:22.383', 0),
('ba2099aa-622b-42aa-906b-f5d5927de52b', '4695fa07-dcd3-4b31-908a-67c6760db8a4', 'Phân tích dữ liệu và khai thác thông tin từ dữ liệu lớn (Big Data).', 'Bài tập về phân tích dữ liệu và khai thác thông tin từ dữ liệu lớn (Big Data).', '', '2023-11-17T14:10:50.663', '2024-11-17T14:10:50.663', 0, 0, '2023-11-28T15:30:22.383', 0),
('fa0d7e43-4366-4285-98ec-f7a835b7b721', 'cccbc5d1-84a9-4d6c-8973-cbc6e462e7e2', 'Lập trình ứng dụng máy tính đám mây (cloud computing).', 'Bài tập về lập trình ứng dụng máy tính đám mây (cloud computing).', '', '2023-11-17T14:10:50.663', '2024-11-17T14:10:50.663', 0, 0, '2023-11-28T15:30:22.383', 0),
('aadb6acc-cbf9-488c-891b-f8cc1339c9b4', '25d57ef6-c76c-4659-a09c-0ba40c0eb511', 'Phát triển ứng dụng C# cho quản lý thư viện.', 'Bài tập về phát triển ứng dụng C# cho quản lý thư viện.', '', '2023-11-17T14:10:50.663', '2024-11-17T14:10:50.663', 0, 0, '2023-11-28T15:30:22.383', 0),
('436e8331-0330-40f4-84f2-fad1395358e7', 'b0d183fd-8f64-4591-908c-f7d3fa56e1fa', 'Tạo ứng dụng C# dự đoán thời tiết.', 'Bài tập về tạo ứng dụng C# dự đoán thời tiết.', '', '2023-11-17T14:10:50.663', '2024-11-17T14:10:50.663', 0, 0, '2023-11-28T15:30:22.383', 0);
  

INSERT INTO fileBaiTap ("ma_baiTap", "laFileDapAn", "tenFile", "ma_file","isYoutubeLink") VALUES
('f6d860a0-d050-488d-8c11-1e363a1d952c', 0, 'Yêu cầu về đồ án C#.pdf', '1SZu9Fhq5bZVhvuIAqT6CjU0cfckz4BMo','0'),
('92f47ecd-fb48-41fc-b26c-cdbf1be9a876', 0, 'JUnit5.pdf', '1vtvwb0rJt4vG1q6nGUMyItNaZelr2Lyl','0'),
('5dab376b-91df-48f7-879e-dae62b242ce2', 0, 'Hộp đen.1.pdf', '1Q5saxCK-fltjc6g-Y3OiiIjvwdlhh4TS','0'),
('18ea2b73-4fac-4c58-9d10-4445a19e3fde', 0, 'NUnit.pdf', '12sJus-VfmrxTS0iwDzxiszJZZVNsaRgJ','0'),
('18ea2b73-4fac-4c58-9d10-4445a19e3fde', 1, 'NUnit.pdf', '1oIgdr_4WwOr8rXMBLLwGOx4a3_jA_6_M','0'),
('366b71e2-d12d-4a57-9240-b7411b3b84bd', 0, 'JUnit5.pdf', '1pEDddkqKQRpypivjF3KvFllLPpAcb6q3','0'),
('366b71e2-d12d-4a57-9240-b7411b3b84bd', 1, 'NUnit.pdf', '1uCVWbpo02dv78BYI3do_N5fBZYvjoaIu','0'),
('0ca51aa4-925b-440c-93f5-e44a38e938ef', 0, 'NUnit.pdf', '1hDvfXJZ5lFQuM0XimgXPqT6AkdnNnE3p','0');
 

INSERT INTO baiLamBaiTap ("ma_baiLamBaiTap", "ma_taiKhoan", "ma_baiTap", "noiDung", "thoiGianNopBai", "nhanXet", "diem", "nopTre") VALUES 
('1b12deb7-58a8-4975-a589-038453835c6c', '58824edd-2ce6-46e8-97f3-8ca6970d8cbf', '92f47ecd-fb48-41fc-b26c-cdbf1be9a876', 'Tôi không biết làm','2023-12-08T15:38:54.377', 'Kệ bạn chứ', 3, 0),
('5181fe7c-9701-435d-92bf-0a6e1f28a2f5', '2493643f-576b-4bea-ad12-3ffa3558eb3e', '4e3da119-c29e-4c9d-8bbb-ee276b96a4b4', 'Đây là nội dung bài làm','2023-11-18T13:34:43.303', '', 10, 0),
('8cdbf3c7-bbdc-44ad-8839-0b8b27a5bf6f', 'a212200e-f8f3-4a38-91aa-9e812a878ba5', '4e3da119-c29e-4c9d-8bbb-ee276b96a4b4', 'Đây là nội dung bài làm','2023-11-18T15:51:17.303', '', 5, 0),
('f6843b46-099b-4111-8ac1-1662553f1dc4', '4f9fd63a-c80a-493f-b229-3cc83acd7b4b', '9a653320-430b-4b79-8db3-1be122a9b649', 'Đây là nội dung bài làm','2023-11-18T15:20:20.303', '', 5, 0),
('57293eb8-c978-4cee-a5c0-1e0b3f4a2e44', 'bb3cda85-8fe3-4894-9e4e-4083a2f38319', '4e3da119-c29e-4c9d-8bbb-ee276b96a4b4', 'Đây là nội dung bài làm','2023-11-18T07:55:40.303', '', 9, 0),
('78d9c79b-24c5-4b80-b49b-29fce03cef82', '38093222-d622-415e-9d0d-96d5982a6e69', '9a653320-430b-4b79-8db3-1be122a9b649', 'Đây là nội dung bài làm','2023-11-17T22:35:09.303', '', 10, 0),
('88fafd18-f615-4cfc-a1a1-2c03b4be1c2f', '4f9fd63a-c80a-493f-b229-3cc83acd7b4b', '4e3da119-c29e-4c9d-8bbb-ee276b96a4b4', 'Đây là nội dung bài làm','2023-11-18T11:28:07.303', '', 2, 0),
('4a775270-8aeb-4095-aea7-396b4ea362fd', 'c3ca9950-65cb-47ee-b0a3-7796ef23d839', '4e3da119-c29e-4c9d-8bbb-ee276b96a4b4', 'Đây là nội dung bài làm','2023-11-18T06:37:57.303', '', 4, 0),
('f643e4a1-7dd6-4252-9925-3a2af9ea9d4b', '6e4d81dd-f28e-4f31-a49e-ca51134db3aa', '4e3da119-c29e-4c9d-8bbb-ee276b96a4b4', 'Đây là nội dung bài làm','2023-11-18T15:50:45.303', '', -1, 0),
('70d919d9-5795-4f7c-9ed3-43aa77c55abb', '17593a02-3763-4b70-9454-d71c3af0bd19', '9a653320-430b-4b79-8db3-1be122a9b649', 'Đây là nội dung bài làm','2023-11-17T23:30:27.303', '', 4, 0),
('ad44a947-8b96-452f-bd93-46eba2f6d42b', 'f321de5e-7e2b-4d1a-8737-6ea51bfe65b8', '5dab376b-91df-48f7-879e-dae62b242ce2', 'hello là cảm ơn','2023-12-15T09:34:26.953', 'Chả học hành gì cả', 2, 0),
('04c4bcd9-0437-4e9a-9ca5-4829fb5650b0', 'c22219ca-9bbd-4098-b2f7-f4e526096fbf', '9a653320-430b-4b79-8db3-1be122a9b649', 'Đây là nội dung bài làm','2023-11-18T03:59:25.303', '', 6, 0),
('6df43df8-9fef-4e19-ac6e-4d2cd3ee7e12', '6b157e9a-4f74-4ee8-a893-06bc950f4272', '9a653320-430b-4b79-8db3-1be122a9b649', 'Đây là nội dung bài làm','2023-11-18T07:35:50.303', '', 4, 0),
('c7c0c071-3e68-4994-af04-4f8a2655eb89', '778a38a9-f8bb-4a68-85b7-58343d9042bb', '4e3da119-c29e-4c9d-8bbb-ee276b96a4b4', 'Đây là nội dung bài làm','2023-11-17T21:36:24.303', '', 10, 0),
('d1d209f6-c53c-408b-8794-4f9d9e2cefd1', 'a212200e-f8f3-4a38-91aa-9e812a878ba5', '9a653320-430b-4b79-8db3-1be122a9b649', 'Đây là nội dung bài làm','2023-11-18T03:08:28.303', '', 5, 0),
('87bac559-7307-4f44-97d4-51daed9ad9e0', 'bb3cda85-8fe3-4894-9e4e-4083a2f38319', '9a653320-430b-4b79-8db3-1be122a9b649', 'Đây là nội dung bài làm','2023-11-17T21:37:45.303', '', 4, 0),
('ea0dfcc7-1f09-467e-a7f8-54467784ae05', 'ec6a1b6e-ae4e-45d6-b554-60ff0179fba7', '9a653320-430b-4b79-8db3-1be122a9b649', 'Đây là nội dung bài làm','2023-11-18T09:06:31.303', '', 6, 0),
('d01df1c8-531f-4690-9c80-5e382449ab5e', 'f636f7b6-4fef-4b87-bc80-b9b275795b1d', '4e3da119-c29e-4c9d-8bbb-ee276b96a4b4', 'Đây là nội dung bài làm','2023-11-18T13:54:06.303', '', 8, 0),
('e2b56dd7-b0ea-4c9a-89f9-5fd0afb1fbcb', 'f636f7b6-4fef-4b87-bc80-b9b275795b1d', '9a653320-430b-4b79-8db3-1be122a9b649', 'Đây là nội dung bài làm','2023-11-18T02:33:51.303', '', 0, 0),
('812f0c93-0592-432f-8d11-623832aca419', 'c3ca9950-65cb-47ee-b0a3-7796ef23d839', '9a653320-430b-4b79-8db3-1be122a9b649', 'Đây là nội dung bài làm','2023-11-18T00:59:20.303', '', 1, 0),
('7aa36eae-3a31-409f-9285-62a7389e8a1a', '8f960ffb-a014-4c52-905c-a6820bd846fe', '4e3da119-c29e-4c9d-8bbb-ee276b96a4b4', 'Đây là nội dung bài làm','2023-11-18T14:49:48.303', '', 8, 0),
('c993a8ea-1285-40f9-9cd8-6b1dfbd315a2', 'c22219ca-9bbd-4098-b2f7-f4e526096fbf', '4e3da119-c29e-4c9d-8bbb-ee276b96a4b4', 'Đây là nội dung bài làm','2023-11-18T11:52:10.303', '', 9, 0),
('48cced00-1aa1-4046-9a85-6b7e973c92ef', '6fc1b3a5-92ea-455e-abe4-e8c6394dd0aa', '4e3da119-c29e-4c9d-8bbb-ee276b96a4b4', 'Đây là nội dung bài làm','2023-11-18T03:35:15.303', '', 8, 0),
('1047f6aa-1cf8-4f93-a6f7-6c33da0afe73', '3f95e534-5d43-49b4-bc76-d43f8461976b', '9a653320-430b-4b79-8db3-1be122a9b649', 'Đây là nội dung bài làm','2023-11-18T01:04:53.303', '', 10, 0),
('03089c97-4f33-42ce-9bd9-71ad71f9ceb7', 'f321de5e-7e2b-4d1a-8737-6ea51bfe65b8', '9a653320-430b-4b79-8db3-1be122a9b649', 'Đây là nội dung bài làm','2023-11-18T06:07:53.303', '', 4, 0),
('b876d282-1d02-470b-afd0-74755f4d4fe4', '6fc1b3a5-92ea-455e-abe4-e8c6394dd0aa', '9a653320-430b-4b79-8db3-1be122a9b649', 'Đây là nội dung bài làm','2023-11-18T07:57:23.303', '', 1, 0),
('f1fd5998-edb8-462b-a09a-75c5f7611615', '6fcb6a47-75c2-425c-bbbd-ff7137a5fd54', '4e3da119-c29e-4c9d-8bbb-ee276b96a4b4', 'Đây là nội dung bài làm','2023-11-18T04:38:01.303', '', 6, 0),
('a87dfc00-7d28-4aa2-8386-775afdf223ce', '8f960ffb-a014-4c52-905c-a6820bd846fe', '9a653320-430b-4b79-8db3-1be122a9b649', 'Đây là nội dung bài làm','2023-11-18T01:33:16.303', '', 8, 0),
('9fb1918c-1d00-420b-8c0e-7d2b1edc089b', '6fcb6a47-75c2-425c-bbbd-ff7137a5fd54', '9a653320-430b-4b79-8db3-1be122a9b649', 'Đây là nội dung bài làm','2023-11-17T16:17:54.303', '', 6, 0),
('cb69da27-da4c-432c-aae2-811aa1eb10e5', '6b157e9a-4f74-4ee8-a893-06bc950f4272', '4e3da119-c29e-4c9d-8bbb-ee276b96a4b4', 'Đây là nội dung bài làm','2023-11-18T04:20:49.303', '', 3, 0),
('acd63513-535f-44ad-8176-86e92be40691', 'ec6a1b6e-ae4e-45d6-b554-60ff0179fba7', '4e3da119-c29e-4c9d-8bbb-ee276b96a4b4', 'Đây là nội dung bài làm','2023-11-17T20:59:34.303', '', 0, 0),
('470ea7ec-b20a-409b-bad4-9027dd77a0cb', '68f56e53-ebe9-484f-87cf-a4ca8dbd89f0', '4e3da119-c29e-4c9d-8bbb-ee276b96a4b4', 'Đây là nội dung bài làm','2023-11-18T13:13:53.303', '', -1, 0),
('42f47378-e48f-450d-9efc-921241f78052', 'f321de5e-7e2b-4d1a-8737-6ea51bfe65b8', '4e3da119-c29e-4c9d-8bbb-ee276b96a4b4', 'Đây là nội dung bài làm','2023-11-18T09:18:36.303', '', 6, 0),
('2bd13a9d-76fc-41d1-a3e0-a266bdfb2b08', '2493643f-576b-4bea-ad12-3ffa3558eb3e', '9a653320-430b-4b79-8db3-1be122a9b649', 'Đây là nội dung bài làm','2023-11-18T05:39:39.303', '', 4, 0),
('51c871a3-422f-4840-8522-a29af9a6ac8d', '1cfa4d8e-5f63-45f6-9cc9-b1ecae2c14f9', '5dab376b-91df-48f7-879e-dae62b242ce2', 'hello là xin cảm ơn','2023-12-15T10:43:31.860', 'cũng chả học hành gì', 3, 0),
('d9c5dec9-c5a2-4582-aea5-a60abc025057', '1cfa4d8e-5f63-45f6-9cc9-b1ecae2c14f9', '506f8424-64f9-48d2-b844-ea9c5b2af4ca', 'Tôi không hiểu đề bài nói gì cả.','2023-12-02T17:27:27.283', 'Học quá tệ', 2, 0),
('7f2d6f2d-f834-4d1e-8949-a75d41323249', '1602102f-60f2-4b87-8992-6070fb969516', '4e3da119-c29e-4c9d-8bbb-ee276b96a4b4', 'Đây là nội dung bài làm','2023-11-18T00:42:15.303', '', 8, 0),
('0b009e1b-71d2-47b8-bf80-a7aec459203a', 'b97d9a96-1ee8-47a1-a31a-a27c918efa9c', '9a653320-430b-4b79-8db3-1be122a9b649', 'Đây là nội dung bài làm','2023-11-18T12:49:14.303', '', 9, 0),
('e63f0f10-afd5-425e-aeef-beb9c71e95d1', '50d02114-26d4-402c-a2d4-7b1138437ac4', '4e3da119-c29e-4c9d-8bbb-ee276b96a4b4', 'Đây là nội dung bài làm','2023-11-17T16:23:55.303', '', 10, 0),
('56d7fba2-55e1-4cb4-8444-bfb7d7ea63b2', '38093222-d622-415e-9d0d-96d5982a6e69', '4e3da119-c29e-4c9d-8bbb-ee276b96a4b4', 'Đây là nội dung bài làm','2023-11-18T10:20:50.303', '', 7, 0),
('7e225d94-8601-4259-a07e-c12dc7012248', '1602102f-60f2-4b87-8992-6070fb969516', '9a653320-430b-4b79-8db3-1be122a9b649', 'Đây là nội dung bài làm','2023-11-18T11:01:16.303', '', 4, 0),
('933ac6d3-3d04-4717-b3bc-ce30756aebf8', '50d02114-26d4-402c-a2d4-7b1138437ac4', '9a653320-430b-4b79-8db3-1be122a9b649', 'Đây là nội dung bài làm','2023-11-18T13:30:46.303', '', 7, 0),
('7ead1f52-a1f3-4aa0-9afd-d3b276974ad9', 'b97d9a96-1ee8-47a1-a31a-a27c918efa9c', '4e3da119-c29e-4c9d-8bbb-ee276b96a4b4', 'Đây là nội dung bài làm','2023-11-18T07:26:02.303', '', 9, 0),
('0d5acb5c-c1c5-4e2e-9267-d84e97a64c0d', '6e4d81dd-f28e-4f31-a49e-ca51134db3aa', '9a653320-430b-4b79-8db3-1be122a9b649', 'Đây là nội dung bài làm','2023-11-17T16:14:40.303', '', 2, 0),
('0b2681dd-c42d-4d65-91d8-df2073152a63', '17593a02-3763-4b70-9454-d71c3af0bd19', '4e3da119-c29e-4c9d-8bbb-ee276b96a4b4', 'Đây là nội dung bài làm','2023-11-18T01:38:44.303', '', 6, 0),
('82080b77-acac-4e3e-b273-e292ee8b00c7', '1b0e8e50-b3d1-48dd-aa5b-f16ad1413eaf', '9a653320-430b-4b79-8db3-1be122a9b649', 'Đây là nội dung bài làm','2023-11-18T11:41:36.303', '', 2, 0),
('72c894fa-4e9f-4c37-a275-e43500f84261', '3f95e534-5d43-49b4-bc76-d43f8461976b', '4e3da119-c29e-4c9d-8bbb-ee276b96a4b4', 'Đây là nội dung bài làm','2023-11-18T11:25:25.303', '', 3, 0),
('81c2b4cb-1630-45cf-a072-e7d557b883e9', '68f56e53-ebe9-484f-87cf-a4ca8dbd89f0', '9a653320-430b-4b79-8db3-1be122a9b649', 'Đây là nội dung bài làm','2023-11-18T07:06:50.303', '', 10, 0),
('77955d27-2988-486a-8c78-f1303ce110e8', '58824edd-2ce6-46e8-97f3-8ca6970d8cbf', '4e3da119-c29e-4c9d-8bbb-ee276b96a4b4', 'Đây là nội dung bài làm','2023-11-18T04:49:04.303', '', 7, 0),
('c25bc0de-2947-478f-b489-f3e4b2a06fce', '1b0e8e50-b3d1-48dd-aa5b-f16ad1413eaf', '4e3da119-c29e-4c9d-8bbb-ee276b96a4b4', 'Đây là nội dung bài làm','2023-11-17T22:33:44.303', '', 5, 0),
('31bb08de-204e-44e1-8780-f8ed96e5884a', '778a38a9-f8bb-4a68-85b7-58343d9042bb', '9a653320-430b-4b79-8db3-1be122a9b649', 'Đây là nội dung bài làm','2023-11-17T19:51:09.303', '', 2, 0),
('5fb30658-5d31-4a3e-bb37-fee8e85c8d0d', '58824edd-2ce6-46e8-97f3-8ca6970d8cbf', '9a653320-430b-4b79-8db3-1be122a9b649', 'Đây là nội dung bài làm','2023-11-17T23:27:31.303', '', 6, 0);
  
   
INSERT INTO fileBaiLamBaiTap ("ma_baiLamBaiTap", "tenFile", "ma_file") VALUES 
('ad44a947-8b96-452f-bd93-46eba2f6d42b', 'JUnit5.pdf', '1n_oJLv-H6gISvY9RiK_yVK881p0ilhdm'),
('51c871a3-422f-4840-8522-a29af9a6ac8d', 'NUnit.pdf', '15Yxae3FAwSJGiviyt3A-0cngtq3nz0BZ');
  

INSERT INTO deKiemTra ("ma_deKiemTra", "ma_chuong", "tieuDe", "thoiGianTao", "thoiGianBatDau", "thoiGianKetThuc", "tronCauHoi", "xemDapAn", "daXoa", "hinhPhat","thoiGianLamBai") VALUES
('8e74bf14-25a9-4b3c-aab6-16725b77ede3', '25d57ef6-c76c-4659-a09c-0ba40c0eb511', 'Bài kiểm tra tét ','2023-12-04T15:54:17.000','2023-12-04T15:55:11.573','2024-12-04T16:07:11.573', 1, 1, 0, 5,12),
('1eebff72-6f06-4ac6-8179-1dcf28f51a7c', '663e6eed-a0f8-4560-a1c4-caf77f2ad8ed', 'Kiểm tra chương 2','2023-11-22T23:58:28.317','2023-11-23T00:00:00.157','2023-11-23T12:00:00.087', 0, 1, 0, 25,12),
('3e1dc6e0-2d97-4254-b1fb-2dd14dedcf1a', '90e1ffc6-3eff-4ab2-b083-9761c53ba80d', 'Kiểm tra chương 1 lần 2','2023-11-18T19:09:15.137','2023-11-18T19:08:40.090','2023-11-18T20:00:00.040', 0, 1, 0, 0,12),
('f37d2a0c-4b95-433e-a308-4154603e89fd', '55efc63e-39b6-4a7d-943b-6e5c574548ca', 'Kiểm tra chương 1: Giới thiệt về C#','2023-12-02T23:01:47.060','2023-12-02T23:02:00.513','2023-12-03T23:00:00.513', 1, 1, 0, 25,12),
('1f7ec9da-660a-4242-841c-4a3e7f78b83f', '9b60c953-c291-4028-b092-79600ea713a2', 'Kiểm tra chương 1: Giới thiệu về thiết kế đồ họa','2023-11-22T23:03:10.153','2023-11-22T23:55:00.000','2023-11-26T23:30:00.393', 0, 1, 0, 50,12),
('bf8f33eb-ad1a-4750-a098-5b6d8e6f70c3', 'cc2f76b5-6a0d-4e1d-876b-4614b5a9d37e', 'Kiểm tra chương 3 lần 2','2023-11-23T11:54:36.007','2023-11-23T12:00:00.133','2023-11-24T00:00:00.133', 0, 1, 0, 25,12),
('82c1d688-1c4f-4cf0-b7a4-65005573f81a', '0cff6362-e165-4819-af95-9591d6c9f043', 'Kiểm tra chương 4 lần 2','2023-11-23T11:56:43.997','2023-11-23T12:00:00.423','2023-11-24T00:00:00.423', 0, 1, 0, 25,12),
('78e2cf6a-4162-4433-92ce-6e12fbb35c69', 'bf51761b-f241-4b57-84db-ff68f7698798', 'Kiểm tra chương 2','2023-11-17T14:18:13.413','2023-11-17T14:20:00.027','2023-11-17T14:35:00.920', 0, 1, 0, 0,12),
('4418cc81-45d2-4fd3-a520-6f9b01245033', '0cff6362-e165-4819-af95-9591d6c9f043', 'Kiểm tra chương 4','2023-11-19T18:38:21.083','2023-11-19T18:37:31.190','2023-11-21T18:37:31.087', 0, 1, 0, 0,12),
('cb57ce47-f684-472a-a5be-7b0da919f8bd', '25d57ef6-c76c-4659-a09c-0ba40c0eb511', 'Bài kt 04/12/23','2023-12-04T14:48:56.803','2023-12-04T14:49:22.947','2024-12-04T15:02:22.947', 1, 1, 0, 5,12),
('6754a0e7-80de-41e6-9d3a-7f854fda8cb5', 'bf51761b-f241-4b57-84db-ff68f7698798', 'Kiểm tra chương 2 lần 2','2023-11-23T11:52:30.883','2023-11-23T12:00:00.277','2023-11-24T00:00:00.277', 0, 1, 0, 75,12),
('9210269b-3910-4d89-910c-8bf9e49351af', '5b664759-a5fc-46e5-a348-210f1a47a712', 'Kiểm tra 08/12','2023-12-08T14:53:21.390','2023-12-08T14:55:00.880','2023-12-08T23:59:59.880', 1, 0, 0, 50,12),
('af816865-1cc5-4a6e-adf3-97eefac8bc12', '3d6aefd5-1d4a-4951-8b2a-6872fdf6b7e4', 'dkt','2023-12-15T13:03:07.173','2023-12-15T13:04:41.163','2023-12-15T13:17:41.163', 1, 1, 0, 4,12),
('b4d85032-7f85-4f83-aba7-acefcaa9fb1d', 'cc2f76b5-6a0d-4e1d-876b-4614b5a9d37e', 'KIểm tra chương 3','2023-11-18T18:43:43.460','2023-11-18T18:45:00.663','2023-11-20T23:59:59.603', 0, 1, 0, 0,12),
('60c4ad3b-0801-4fbc-b914-ba31ad19e93c', '106b0adc-b6d7-4fa5-b567-00fe40cb40e1', 'Kiểm tra chương 5','2023-11-23T11:45:56.060','2023-11-23T11:44:52.960','2023-11-23T18:30:52.960', 0, 1, 0, 75,12),
('a0a7e3b4-fd3d-4d23-9297-bc1e7e2aa606', 'e8e32c99-2d66-426e-9c8e-5e03b6aeaec7', 'Kiểm tra chương 3','2023-11-27T23:05:56.690','2023-11-27T23:06:28.633','2023-11-28T23:19:28.633', 1, 0, 0, 50,12),
('173a59f0-1779-4486-9c43-c655c28e24d5', '3d6aefd5-1d4a-4951-8b2a-6872fdf6b7e4', 'baif keimer tra','2023-12-15T12:25:21.493','2023-12-15T12:26:39.747','2023-12-15T12:34:39.747', 1, 1, 0, 10,12),
('c93b8d68-c1fc-4830-b3a5-cf24de844f5a', 'fcbab77b-59b4-40d9-8d6a-ca6e7f6f4fb3', 'Kiểm tra chương 1','2023-11-23T16:07:39.323','2023-11-23T16:30:00.470','2023-11-24T00:00:00.470', 0, 1, 0, 25,12),
('c80eea36-0a6d-4842-8e3c-db56c44fc882', '3d6aefd5-1d4a-4951-8b2a-6872fdf6b7e4', 'đề kiểm tra','2023-12-15T13:22:11.347','2023-12-15T13:23:45.150','2023-12-15T13:34:45.150', 1, 1, 0, 0,12),
('58ec0753-4996-4000-b421-dc0f2d7ef1e6', '190d8526-3a71-4ea5-bb97-5124f64f7483', 'Kiểm tra các phép toán cơ bản','2023-11-30T11:59:57.397','2023-11-30T12:00:00.503','2023-12-01T00:00:00.503', 1, 1, 0, 50,12),
('6397284a-8fad-4e9d-a920-f10501682eae', '89ab4a74-badc-4b60-ae27-a0808edef353', 'kiểm tra chương 3','2023-11-23T00:09:01.613','2023-11-23T00:07:39.110','2023-11-24T12:00:00.033', 0, 1, 0, 75,12),
('c1c9ea82-8310-49dc-b26e-f87a2344da78', '90e1ffc6-3eff-4ab2-b083-9761c53ba80d', 'Kiểm tra Java','2023-11-17T14:12:09.867','2023-11-17T15:00:00.303','2023-11-18T23:00:00.230', 0, 0, 0, 0,12),
('f563a41c-b061-4188-8174-fc53dc257d68', '106b0adc-b6d7-4fa5-b567-00fe40cb40e1', 'Kiểm tra chương 5 lần 2','2023-11-23T12:03:37.880','2023-11-23T13:00:00.057','2023-11-24T00:00:00.057', 0, 1, 0, 25,12);
  

INSERT INTO cauHoi ("ma_cauHoi", "ma_taiKhoan", "noiDung", "daXoa") VALUES 
('c0c5e120-7f4c-4476-9293-047bdcbfdadc', '17593a02-3763-4b70-9454-d71c3af0bd19', '120 + 320 = ?:', 0),
('91b9a6eb-524d-4863-8f97-07663e9988d8', '17593a02-3763-4b70-9454-d71c3af0bd19', '450 + 200 = ?', 0),
('ed58d0b0-baaf-499c-a141-0cfb61a4cf6d', 'ce6180fb-58f4-45da-9488-a00e8edeff2c', 'Khi nói về RAID, phát biểu nào sau đây là sai:', 0),
('addb928b-91e6-4286-800a-0f6484bbfdac', '6b157e9a-4f74-4ee8-a893-06bc950f4272', 'Đâu là một trong những nguyên tắc quan trọng của quản trị dự án trong quản trị kinh doanh?', 0),
('d69ff928-d8db-433b-b3b2-12465cb7f199', 'ce6180fb-58f4-45da-9488-a00e8edeff2c', 'dsgserh', 0),
('e9e7173c-b205-4cd6-bcd1-13754d094a5c', '17593a02-3763-4b70-9454-d71c3af0bd19', 'Trong C#, các đối tượng của lớp nào được quản lý bằng Garbage Collector để thu gom bộ nhớ không sử dụng?', 0),
('52df48fb-104c-4434-bfec-1d25215a8569', '1cfa4d8e-5f63-45f6-9cc9-b1ecae2c14f9', 'Lập trình hướng đối tượng là:', 0),
('094245e1-7b55-4b20-8ecc-2089b5b535bd', '1cfa4d8e-5f63-45f6-9cc9-b1ecae2c14f9', '100 + 100 = ?:', 0),
('f76400c4-436e-483f-b9d0-214591034ba2', '1cfa4d8e-5f63-45f6-9cc9-b1ecae2c14f9', 'Trong lập trình, "đệ quy" đề cập đến gì?', 0),
('58260112-8759-4173-8bf3-22437b5ec181', '1cfa4d8e-5f63-45f6-9cc9-b1ecae2c14f9', 'Trong Java, một mảng có thể chứa các phần tử cùng kiểu dữ liệu. Điều gì làm cho mảng này khác biệt với danh sách (ArrayList)?', 0),
('1150e405-0394-40a2-b1d0-22b1a2cdc7bd', '1cfa4d8e-5f63-45f6-9cc9-b1ecae2c14f9', 'Trong Java, phạm vi truy cập nào cho phép biến hoặc phương thức chỉ được truy cập trong cùng một lớp?', 0),
('8cc4533a-29b3-41e0-857a-2364648593ba', '6fcb6a47-75c2-425c-bbbd-ff7137a5fd54', 'Khái niệm "chấm điểm hiệu suất" trong quản lý nhân sự liên quan đến việc gì?', 0),
('3ed1b0cd-bf2a-4992-b77f-236e00f5de51', '6fcb6a47-75c2-425c-bbbd-ff7137a5fd54', 'Đâu là một trong các phương pháp phân loại cơ bản của các khía cạnh của công việc trong phân tích công việc?', 0),
('9a644d36-ba78-4bb9-8942-270488d73006', '6fcb6a47-75c2-425c-bbbd-ff7137a5fd54', 'Đâu là một trong các chức năng chính của quản lý nhân sự?', 0),
('2d7cbcc6-076b-4950-8abd-288a6ac986d0', 'ce6180fb-58f4-45da-9488-a00e8edeff2c', 'Một tiến trình đang được cấp phát CPU thuộc trạng thái nào?', 0),
('bd830252-cae4-472d-9cb3-2e25d147ef36', '6b157e9a-4f74-4ee8-a893-06bc950f4272', 'Khái niệm "hệ thống CRM" trong marketing đề cập đến gì?', 0),
('3b7a5325-7b97-4eb9-b936-30608efecb28', '17593a02-3763-4b70-9454-d71c3af0bd19', 'Trong phân tích dữ liệu, khái niệm nào liên quan đến việc xác định giá trị bất thường hoặc không hợp lý trong dữ liệu?', 0),
('ae7f5364-c8f8-431e-ba3b-319142ce3548', '17593a02-3763-4b70-9454-d71c3af0bd19', '5 + 2 = ?', 0),
('d1d424c9-2af9-4776-857a-3e70a80885b7', 'ce6180fb-58f4-45da-9488-a00e8edeff2c', 'sdvf', 0),
('73beb70d-0cfb-499a-80ad-3edfc7b9025e', '1cfa4d8e-5f63-45f6-9cc9-b1ecae2c14f9', 'Khi nói về RAID, phát biểu nào sau đây là sai:', 0),
('d6e836d7-c227-45ff-b378-42e7fb9494d6', '17593a02-3763-4b70-9454-d71c3af0bd19', '8 + 3 = ?', 0),
('b9733986-a6ea-4051-9c05-46092fb5457e', '1cfa4d8e-5f63-45f6-9cc9-b1ecae2c14f9', '1 + 1 = ?', 1),
('1bdbe8d6-814e-47bf-801b-47628eae03ca', 'ce6180fb-58f4-45da-9488-a00e8edeff2c', 'Phương pháp nhanh nhất để trao đổi dữ liệu giữa các tiến trình là:', 0),
('c8b4a0d7-8709-472b-b583-47c011d55773', '1cfa4d8e-5f63-45f6-9cc9-b1ecae2c14f9', 'Một tiến trình đang được cấp phát CPU thuộc trạng thái nào?', 0),
('a1daf306-0d0f-4f12-a543-51cc5088099e', '17593a02-3763-4b70-9454-d71c3af0bd19', 'Trong C#, để bắt đầu một chuỗi dạng chữ in hoa (verbatim string), bạn sử dụng ký tự gì?', 0),
('2f7f3fac-aa1f-4135-bbed-53a1609e4d62', '1cfa4d8e-5f63-45f6-9cc9-b1ecae2c14f9', 'Trong lập trình, kiểu dữ liệu "boolean" có bao nhiêu giá trị có thể?', 0),
('ec90458e-6a30-4d1f-8669-56259e48c92c', '58824edd-2ce6-46e8-97f3-8ca6970d8cbf', 'Đối với các hình ảnh chất lượng cao, định dạng file nào thường được sử dụng để lưu trữ hình ảnh không nén?', 0),
('ec49c5dc-04e9-4be5-b213-5da28820dfb8', '17593a02-3763-4b70-9454-d71c3af0bd19', '150 + 200 = ?:', 0),
('e2b692c8-62cd-4388-89bf-5df8cd404f1a', '58824edd-2ce6-46e8-97f3-8ca6970d8cbf', 'Định nghĩa nào sau đây liên quan đến "độ phân giải" trong thiết kế đồ họa?', 0),
('6bf8c500-148a-44d2-b811-5f94da6c2813', '1cfa4d8e-5f63-45f6-9cc9-b1ecae2c14f9', 'Trong Java, lệnh nào được sử dụng để khởi tạo một đối tượng từ một lớp?', 0),
('dc731eb1-bdf2-4a41-96d2-66ba74a2c4f3', '1cfa4d8e-5f63-45f6-9cc9-b1ecae2c14f9', 'Trong Java, cách nào được sử dụng để kế thừa tính năng từ một lớp cha?', 0),
('446ba4d7-0c75-4da8-b930-67e611896235', '17593a02-3763-4b70-9454-d71c3af0bd19', '7 + 3 = ?', 0),
('914c944e-ab60-4167-825c-6a1e549820a4', '1cfa4d8e-5f63-45f6-9cc9-b1ecae2c14f9', 'Trong lập trình, "IDE" là viết tắt của gì?', 0),
('f7354cd2-60d4-4ad8-8f65-74168f2984c6', '58824edd-2ce6-46e8-97f3-8ca6970d8cbf', 'Định nghĩa nào sau đây liên quan đến "lựa chọn màu sắc" trong thiết kế đồ họa?', 0),
('3ded44d8-5d6c-4b6a-b826-74a617d12441', '6b157e9a-4f74-4ee8-a893-06bc950f4272', 'Trong tiếp thị trực tuyến, việc tối ưu hóa công cụ tìm kiếm (SEO) liên quan đến việc gì?', 0),
('e357024c-770f-482f-927f-75279d7789c9', '6b157e9a-4f74-4ee8-a893-06bc950f4272', 'Hệ thống ERP (Enterprise Resource Planning) trong quản trị kinh doanh được sử dụng để làm gì?', 0),
('876c6093-24ad-4e1f-b641-75732eccb9b0', '1cfa4d8e-5f63-45f6-9cc9-b1ecae2c14f9', '1 + 1 = ?', 0),
('f64429fc-a353-41c6-9d15-75f5a8ad33e7', '17593a02-3763-4b70-9454-d71c3af0bd19', '5 + 1 = ?', 0),
('bb174e56-5650-4f65-9524-786dfa805701', '17593a02-3763-4b70-9454-d71c3af0bd19', '820 + 320 = ?', 0),
('2db2046a-49b8-420c-ad34-7d06cbd07286', '6fcb6a47-75c2-425c-bbbd-ff7137a5fd54', 'CPU là viết tắt của gì trong lĩnh vực khoa học máy tính?', 0),
('1ff0e2e4-bff5-4a3f-a281-7d35f5f9545e', '6fcb6a47-75c2-425c-bbbd-ff7137a5fd54', 'Khi xem xét mức độ thoả mãn của nhân viên, điều gì thường được xem xét quan trọng nhất?', 0),
('813a6e29-e967-444c-915f-8246e4e09cfa', '6b157e9a-4f74-4ee8-a893-06bc950f4272', 'Thế nào là mục tiêu thông tin (SMART) trong quản trị kinh doanh?', 0),
('10714ef8-e0d8-4ffc-829c-82d5ab7fd6f9', '1cfa4d8e-5f63-45f6-9cc9-b1ecae2c14f9', 'Trong lập trình, từ khoá "for" thường được sử dụng để làm gì?', 0),
('283cfc75-9583-4a19-be33-872730bf1544', 'ce6180fb-58f4-45da-9488-a00e8edeff2c', 'Phương pháp nhanh nhất để trao đổi dữ liệu giữa các tiến trình là:', 0),
('0a6819a6-6ce0-4924-814d-8762f618185b', 'ce6180fb-58f4-45da-9488-a00e8edeff2c', 'assdb', 0),
('9c0064ac-d17c-4591-a207-8a9b73332258', '6b157e9a-4f74-4ee8-a893-06bc950f4272', 'Trong chiến lược tiếp thị, thuật ngữ "4P" thường đề cập đến những yếu tố nào?', 0),
('da96d1dc-ab24-4ed8-b7bb-8cff17474b5a', '1cfa4d8e-5f63-45f6-9cc9-b1ecae2c14f9', 'Xin chào trong tiếng anh là gì ?', 0),
('c7e51c94-bc0d-46bb-91dd-8d6857b14cdb', '17593a02-3763-4b70-9454-d71c3af0bd19', 'Trong C#, cách nào được sử dụng để khai báo một biến kiểu số nguyên có giá trị mặc định là 0?', 0),
('5e934e1a-af48-42fb-adb1-8fe5ad1b4ecf', '6fcb6a47-75c2-425c-bbbd-ff7137a5fd54', 'Khi thực hiện quản lý hiệu quả nhân sự, việc nào sau đây không quan trọng?', 0),
('6b6c7489-cd33-4a69-96c3-97711222018a', '17593a02-3763-4b70-9454-d71c3af0bd19', 'Trong C#, để kế thừa từ một lớp cha, bạn sử dụng từ khóa nào?', 0),
('5b07b8a5-d061-47a6-8258-99b79ecf193f', '6fcb6a47-75c2-425c-bbbd-ff7137a5fd54', 'Đâu là một trong các ngôn ngữ lập trình phổ biến dùng để phát triển ứng dụng web?', 0),
('9ac2242e-f45d-4299-b027-a2b77ab11bf7', '6b157e9a-4f74-4ee8-a893-06bc950f4272', 'Đâu là một ví dụ về một phần tử của mô hình PESTEL (hoặc PESTLE) trong phân tích môi trường kinh doanh?', 0),
('81efcf7f-1a59-4492-8fda-a87d23d225b2', '58824edd-2ce6-46e8-97f3-8ca6970d8cbf', 'Trong thiết kế đồ họa, "typography" đề cập đến:', 0),
('6ffbb722-e5c1-4518-9b32-ac39ef30413e', '58824edd-2ce6-46e8-97f3-8ca6970d8cbf', 'Đường chéo của một hình chữ nhật có chiều dài 6 cm và chiều rộng 8 cm là bao nhiêu?', 0),
('9b541f67-0815-4539-a890-acad6ab0f9fb', '1cfa4d8e-5f63-45f6-9cc9-b1ecae2c14f9', 'Định nghĩa nào sau đây liên quan đến "biến cục bộ" trong ngôn ngữ lập trình?', 0),
('91a43ca5-a4d5-4019-b793-aeab9f5a7253', '6b157e9a-4f74-4ee8-a893-06bc950f4272', 'Cơ hội tiếp thị qua mạng xã hội thường được thực hiện trên nền tảng nào sau đây?', 0),
('a859a6b0-2a0c-4fa4-9d19-b257f87949bb', '6fcb6a47-75c2-425c-bbbd-ff7137a5fd54', 'Đâu là một trong các ngôn ngữ lập trình thường được sử dụng cho phân tích dữ liệu và học máy?', 0),
('998019a2-ee62-4cbd-8bbd-b625cd86fcea', '1cfa4d8e-5f63-45f6-9cc9-b1ecae2c14f9', 'Đặc điểm cơ bản của lập trình hướng đối tượng thể hiện ở:', 0),
('9ad92235-37c4-4e95-9e9e-b71d976cc9da', 'ce6180fb-58f4-45da-9488-a00e8edeff2c', 'Hai chức năng chính của hệ điều hành là gì?', 0),
('ef8e6273-8d74-4688-94c5-b7d5bedc6b20', '17593a02-3763-4b70-9454-d71c3af0bd19', '6 + 3 = ?', 0),
('dfd68f7b-e41a-4e22-abed-be3024fe8462', '58824edd-2ce6-46e8-97f3-8ca6970d8cbf', 'Đơn vị nào được sử dụng để đo khối lượng trong hệ SI (Hệ đo lường quốc tế)?', 0),
('157ed4f4-7ec8-4b36-adff-c051940a0bd3', '17593a02-3763-4b70-9454-d71c3af0bd19', 'Trong lĩnh vực khoa học dữ liệu, thuật ngữ "EDA" là viết tắt của gì?', 0),
('b5c7e605-4a59-4cd2-89a6-c2e4c4619b34', 'ce6180fb-58f4-45da-9488-a00e8edeff2c', 'Một tiến trình đang được cấp phát CPU thuộc trạng thái nào?', 0),
('b46256af-2bef-4ebd-b0a6-c68271c7e4c4', '58824edd-2ce6-46e8-97f3-8ca6970d8cbf', 'Áp suất trong lỏng là kết quả của sự tương tác giữa:', 0),
('3637b505-eb79-4510-9029-c7b5739c5dc2', '1cfa4d8e-5f63-45f6-9cc9-b1ecae2c14f9', 'Trong Java, cách nào được sử dụng để xử lý ngoại lệ (exception)?', 0),
('7caecef5-f677-4f79-b340-c83a394f0582', '6fcb6a47-75c2-425c-bbbd-ff7137a5fd54', 'Khái niệm "Algorithm" trong khoa học máy tính đề cập đến gì?', 0),
('2f431b72-27ff-400a-95ee-cb40086b3038', 'ce6180fb-58f4-45da-9488-a00e8edeff2c', 'Khi nói về RAID, phát biểu nào sau đây là sai:', 0),
('899b8a50-0c0b-4b6e-b109-d2c10430eb85', '17593a02-3763-4b70-9454-d71c3af0bd19', 'Trong lĩnh vực khoa học dữ liệu, ngôn ngữ lập trình nào thường được sử dụng để thực hiện phân tích dữ liệu và xây dựng mô hình học máy?', 0),
('c959bec9-14c6-4410-870b-d8635df194b3', '58824edd-2ce6-46e8-97f3-8ca6970d8cbf', 'Định luật nào của Newton nói rằng "Mọi vật thể ở nghỉ sẽ ở nghỉ và mọi vật thể đang chuyển động sẽ tiếp tục chuyển động với vận tốc không đổi trừ khi có lực tác động"?', 0),
('234db83d-8b1d-40e1-b03e-e07160ab7612', '17593a02-3763-4b70-9454-d71c3af0bd19', 'Trong C#, cách nào được sử dụng để bắt đầu một chuỗi đa dòng (multiline string)?', 0),
('878691f4-e9d9-4042-89eb-e3cd2ef21951', '1cfa4d8e-5f63-45f6-9cc9-b1ecae2c14f9', 'Hai chức năng chính của hệ điều hành là gì?', 0),
('8682bf93-3932-4fe4-bfcc-e69ddc5dbda4', '6b157e9a-4f74-4ee8-a893-06bc950f4272', 'Phân đoạn thị trường là gì trong lĩnh vực tiếp thị?', 0),
('30cc196d-aadc-41da-bdec-e81156d83ac5', '17593a02-3763-4b70-9454-d71c3af0bd19', 'Khái niệm "học tăng cường" (Reinforcement Learning) là một phần của lĩnh vực nào trong khoa học dữ liệu?', 0),
('1cdb370c-329d-4a23-8383-eae9c83b0b4d', '1cfa4d8e-5f63-45f6-9cc9-b1ecae2c14f9', 'Phương pháp nhanh nhất để trao đổi dữ liệu giữa các tiến trình là:', 0),
('1c261207-3e3b-4be2-b00d-ed72ac545e6f', '58824edd-2ce6-46e8-97f3-8ca6970d8cbf', 'Phần mềm nào thường được sử dụng để thiết kế biểu đồ và đồ họa vector?', 0),
('721440b0-3765-4d48-802c-f246946a97e0', '6fcb6a47-75c2-425c-bbbd-ff7137a5fd54', 'Khái niệm "Big Data" liên quan đến gì trong khoa học máy tính?', 0),
('660a8d83-11df-4d06-b3c3-f27351d3c86b', '1cfa4d8e-5f63-45f6-9cc9-b1ecae2c14f9', 'OOP là viết tắt của:', 0),
('acf93548-ab56-4d5a-918b-f320ddd8dd89', 'ce6180fb-58f4-45da-9488-a00e8edeff2c', '1 + 1=>', 0),
('0bfd6940-8502-4378-b8ba-f6ce8b564c44', '6b157e9a-4f74-4ee8-a893-06bc950f4272', 'Nguyên tắc SWOT trong quản trị kinh doanh liên quan đến điều gì?', 0),
('b75dca68-96eb-4f2b-bb06-f8e5a9fc2463', 'ce6180fb-58f4-45da-9488-a00e8edeff2c', 'Hai chức năng chính của hệ điều hành là gì?', 0),
('9c785eea-a721-4446-90b1-fca105daa590', '17593a02-3763-4b70-9454-d71c3af0bd19', 'Trong mô hình học máy, mục tiêu của việc "tối ưu hóa" là gì?', 0),
('fc0db475-b31b-4071-b5f3-ffafbf97bae1', '58824edd-2ce6-46e8-97f3-8ca6970d8cbf', 'Định nghĩa nào sau đây liên quan đến "cường độ dòng điện" trong mạch điện?', 0);
  
 
INSERT INTO cauTraLoi ("ma_cauTraLoi", "ma_cauHoi", "noiDung", "laCauTraLoiDung") VALUES 
('10c21fd1-e955-4212-853d-00725471a295', 'ae7f5364-c8f8-431e-ba3b-319142ce3548', '9', 0),
('60597c0e-0421-4cfa-a3f2-02401bbba872', 'd6e836d7-c227-45ff-b378-42e7fb9494d6', '10', 0),
('1aab2b1e-bd71-471c-b371-03142c7d80f0', '157ed4f4-7ec8-4b36-adff-c051940a0bd3', 'Exploratory Data Analysis', 1),
('48acb454-1efe-4486-9148-033a38c9375b', 'd1d424c9-2af9-4776-857a-3e70a80885b7', 'xcvv', 1),
('41664311-0257-4374-838e-034d7583eadf', 'b75dca68-96eb-4f2b-bb06-f8e5a9fc2463', 'Quản lý; phân phối tài nguyên đảm bảo đồng nhất dữ liệu', 0),
('e3a63666-4653-45c1-ad78-035f01f3a0b5', '52df48fb-104c-4434-bfec-1d25215a8569', 'Lập trình hướng đối tượng là phương pháp lập trình cơ bản gần với mã máy', 0),
('0e66b602-bebc-4803-a8bf-0391ceffa8ce', 'd6e836d7-c227-45ff-b378-42e7fb9494d6', '9', 0),
('b73b0d70-3060-4bb3-9a43-03d7dfebe7bf', '660a8d83-11df-4d06-b3c3-f27351d3c86b', 'Object Oriented Programming', 1),
('b1591cec-0523-4d39-9913-04b28edd03cf', 'c8b4a0d7-8709-472b-b583-47c011d55773', 'Ready', 0),
('32126819-e2b3-41b0-b764-057070863f01', '446ba4d7-0c75-4da8-b930-67e611896235', '5', 0),
('abbd88a4-8e9a-43ba-b48c-0622a1429398', '10714ef8-e0d8-4ffc-829c-82d5ab7fd6f9', 'Gọi một hàm', 0),
('6d89f80b-6bc5-4345-baf0-0635686c1162', '81efcf7f-1a59-4492-8fda-a87d23d225b2', 'Sắp xếp các đối tượng', 0),
('2c9f1f50-41d7-4a1f-bbcc-06d1d12e2ded', '998019a2-ee62-4cbd-8bbd-b625cd86fcea', 'Tính đóng gói, tính trừu tượng.', 0),
('6dc71436-e2ba-4292-9724-073a4a2c8a67', '52df48fb-104c-4434-bfec-1d25215a8569', 'Lập trình hướng đối tượng là phương pháp đặt trọng tâm vào các đối tượng, nó không cho phép dữ liệu chuyển động một cách tự do trong hệ thống.', 1),
('6d235b01-4855-4def-b6e2-090073dd50b9', '998019a2-ee62-4cbd-8bbd-b625cd86fcea', 'Tính đóng gói, tính kế thừa, tính đa hình, tính đặc biệt hóa.', 0),
('588bee72-a0e2-41f3-aee3-0a1bbf7cc8ae', '3ed1b0cd-bf2a-4992-b77f-236e00f5de51', 'Phân loại công việc theo địa điểm làm việc', 0),
('b6b56473-0f11-4549-89db-0b756102ff00', '1cdb370c-329d-4a23-8383-eae9c83b0b4d', 'Pipe', 0),
('34e897f8-379a-4c20-b0c6-0b77d0c6123b', 'c7e51c94-bc0d-46bb-91dd-8d6857b14cdb', 'var num;', 0),
('f1822b84-c5dc-434d-acb1-0bb63f0ac9a0', '1150e405-0394-40a2-b1d0-22b1a2cdc7bd', 'protected', 0),
('c31bc85f-48ca-428b-9af0-0c18e317b0f6', '157ed4f4-7ec8-4b36-adff-c051940a0bd3', 'Essential Data Adjustment', 0),
('a56dad30-7a4a-455f-b0b9-0d7c967921ca', '8cc4533a-29b3-41e0-857a-2364648593ba', 'Đánh giá thị trường cạnh tranh', 0),
('ff46541c-703f-49c3-949b-0e7b126461ee', '91b9a6eb-524d-4863-8f97-07663e9988d8', '580', 0),
('347dfd30-26dd-4db7-8e94-0eafebc2265b', '9c0064ac-d17c-4591-a207-8a9b73332258', 'Tiếp thị, đối tượng, quảng cáo, đo lường', 0),
('8f7f797c-4ed9-4b84-ae77-0ebc02f98bd7', 'dc731eb1-bdf2-4a41-96d2-66ba74a2c4f3', 'Từ khóa extends', 1),
('5de1451a-b881-408e-bf52-0fd8f476f839', 'f7354cd2-60d4-4ad8-8f65-74168f2984c6', 'Màu sắc chủ đạo trong thiết kế', 1),
('c18c6b56-7bc2-47fb-906b-11221b8980ac', 'b46256af-2bef-4ebd-b0a6-c68271c7e4c4', 'Nhiệt độ và thể tích', 0),
('1c07bd24-c54e-4b12-8f71-12311aa06e13', '91b9a6eb-524d-4863-8f97-07663e9988d8', '500', 0),
('30343978-a7d6-4b08-9830-1293d0416a2b', '6ffbb722-e5c1-4518-9b32-ac39ef30413e', '14 cm', 0),
('fd0c496a-edb4-4550-94f8-12f05b1b5c96', 'ec90458e-6a30-4d1f-8669-56259e48c92c', 'JPEG', 0),
('ab43ff5d-3fe4-4275-82a4-17a1988d1fd8', '6b6c7489-cd33-4a69-96c3-97711222018a', 'extends', 0),
('5f0fd61d-5e0b-4711-8cc4-187bf4a11585', '813a6e29-e967-444c-915f-8246e4e09cfa', 'Quản lý mối quan hệ khách hàng', 0),
('642b5235-cd6b-46cd-bc7f-18a079f0e56a', '1bdbe8d6-814e-47bf-801b-47628eae03ca', 'Pipe', 0),
('e6138788-1de5-4793-a739-18b37a2c0fd2', 'f64429fc-a353-41c6-9d15-75f5a8ad33e7', '6', 0),
('e5c5b161-c1a4-4c73-ba53-1b06dc9d8470', '9a644d36-ba78-4bb9-8942-270488d73006', 'Quản lý sản phẩm', 0),
('d46edee9-1d3e-4e3c-a9b3-1c7a2643227c', '157ed4f4-7ec8-4b36-adff-c051940a0bd3', 'Extra Data Analysis', 0),
('e7f78d16-c69b-4c45-8779-1d0ef2c71b76', '157ed4f4-7ec8-4b36-adff-c051940a0bd3', 'Effective Data Assessment', 0),
('8be4fb29-e598-4ab9-98f6-1e84e1192af1', '1150e405-0394-40a2-b1d0-22b1a2cdc7bd', 'private', 1),
('e11747e2-089b-408a-8aeb-1e8f9fccac4f', 'bd830252-cae4-472d-9cb3-2e25d147ef36', 'Quản lý quan hệ khách hàng', 1),
('6f7e770d-3269-4bd3-8f75-1efb06577269', 'c7e51c94-bc0d-46bb-91dd-8d6857b14cdb', 'var num = 0;', 1),
('2d638a95-00f2-48a9-9d24-20fcc6d662de', '283cfc75-9583-4a19-be33-872730bf1544', 'Trao đổi thông điệp', 0),
('64b6d0cb-df94-403e-9f9e-2694f9a45592', '9ac2242e-f45d-4299-b027-a2b77ab11bf7', 'Chấp nhận rủi ro mà không kiểm soát', 0),
('63d1b4b9-8a19-47d0-803b-26f5f8feb083', '58260112-8759-4173-8bf3-22437b5ec181', 'Mảng được cố định kích thước, trong khi danh sách có thể thay đổi kích thước.', 1),
('e098f61d-2d31-4c56-a7e1-27dcc6eb75cb', 'a859a6b0-2a0c-4fa4-9d19-b257f87949bb', 'R', 1),
('36e57df3-6cd9-441a-b00f-2809a992006f', '0bfd6940-8502-4378-b8ba-f6ce8b564c44', 'Tài chính', 0),
('2257533f-7b01-49c1-be68-280ea474ccd2', '721440b0-3765-4d48-802c-f246946a97e0', 'Xử lý dữ liệu lớn', 0),
('7b94a31a-d07a-449e-a7dd-2b01ad291e47', '0bfd6940-8502-4378-b8ba-f6ce8b564c44', 'Chiến lược', 1),
('ab17c184-d21a-47cd-9148-2b2359e2041b', '899b8a50-0c0b-4b6e-b109-d2c10430eb85', 'Python', 1),
('f3ec6b6a-670b-495a-9d8e-2b35e46c1ee3', 'd69ff928-d8db-433b-b3b2-12465cb7f199', 'efgdafb', 0),
('cc1b6266-84e0-4bca-8221-2bc38175ecd1', '3637b505-eb79-4510-9029-c7b5739c5dc2', 'Từ khóa throw', 0),
('654bc2f3-0e94-45c4-8581-2c0a783da77b', '878691f4-e9d9-4042-89eb-e3cd2ef21951', 'Quản lý; chia sẻ tài nguyên', 0),
('4117d4ce-e8b7-442b-8ce3-2cfe0eaccc43', 'ec90458e-6a30-4d1f-8669-56259e48c92c', 'GIF', 0),
('9f1d4040-c7ba-45b9-85b4-2d6b0bc2e710', 'f76400c4-436e-483f-b9d0-214591034ba2', 'Cách gọi một hàm trong chính nó', 1),
('7d8698d4-1ee1-4f61-96b0-2df5479b18e5', 'ef8e6273-8d74-4688-94c5-b7d5bedc6b20', '10', 0),
('9d5467ae-28b6-46b4-8ab4-2e2fe4754c54', '660a8d83-11df-4d06-b3c3-f27351d3c86b', 'Open Object Programming', 0),
('e93e38ce-e589-44d5-a444-2e4b82df4ede', '2f431b72-27ff-400a-95ee-cb40086b3038', 'RAID 5 hiện đang được sử dụng rộng rãi nhất', 0),
('db715914-1cf9-4a2f-8a1e-2e89950de0b3', 'b75dca68-96eb-4f2b-bb06-f8e5a9fc2463', 'Quản lý; chia sẻ tài nguyên; giả lập một máy tính mở rộng', 1),
('d8eb8475-aef6-4d1a-9ec0-2ea0229b851a', 'f7354cd2-60d4-4ad8-8f65-74168f2984c6', 'Tốc độ máy tính', 0),
('c5ce7ebe-24ee-4e29-8657-2fdb0d4453fd', 'bd830252-cae4-472d-9cb3-2e25d147ef36', 'Quản lý tài sản', 0),
('0933fb1d-3976-4d0a-b9fe-30234fa797b1', '9b541f67-0815-4539-a890-acad6ab0f9fb', 'Biến mà chỉ có thể truy cập từ phạm vi hàm hoặc phương thức', 0),
('ab15618e-5f66-4f6f-a189-30ba83d5e14a', '234db83d-8b1d-40e1-b03e-e07160ab7612', '''chuỗi đa dòng''', 0),
('d8f9eb19-802e-458d-b7a5-319f0b1a1fe0', 'd69ff928-d8db-433b-b3b2-12465cb7f199', 'asds', 0),
('407c80a6-9480-4e57-9984-321281675bcd', '73beb70d-0cfb-499a-80ad-3edfc7b9025e', 'Các mức RAID phải được sử dụng riêng lẻ', 1),
('d75d3433-a4cd-47c8-af0a-33c9f7c6531b', 'fc0db475-b31b-4071-b5f3-ffafbf97bae1', 'Tổng điện tích trong mạch', 0),
('b98f34eb-e20a-4d4c-be3d-33e2ef38d053', '721440b0-3765-4d48-802c-f246946a97e0', 'Lưu trữ dữ liệu lớn', 0),
('24c0d291-ce3c-4af1-b4b2-34afde6df8b9', '9ad92235-37c4-4e95-9e9e-b71d976cc9da', 'Che giấu các chi tiết phần cứng; cung cấp một máy tính mở rộng', 0),
('0d7f5da9-a5e8-4ca6-aac5-34e5ba3e6a8c', '1150e405-0394-40a2-b1d0-22b1a2cdc7bd', 'default', 0),
('13a05faf-b887-41b7-aec4-35b48967cb9d', '3637b505-eb79-4510-9029-c7b5739c5dc2', 'Từ khóa try-catch', 1),
('d877bcac-5900-445c-876c-3607eb4674a9', '914c944e-ab60-4167-825c-6a1e549820a4', 'Interactive Development Environment', 0),
('5255510e-ec83-4829-93b5-36649f040072', 'f76400c4-436e-483f-b9d0-214591034ba2', 'Một loại vòng lặp', 0),
('7804a0a2-df67-49cd-9406-37c65fc1009a', '9c0064ac-d17c-4591-a207-8a9b73332258', 'Giá, tiếp thị, sản phẩm, đo lường', 0),
('81ebeb04-5ef8-430b-8011-37fec7878103', '30cc196d-aadc-41da-bdec-e81156d83ac5', 'Xử lý ngôn ngữ tự nhiên', 1),
('1d3768a0-f908-41df-a087-3857357ed4ec', '2d7cbcc6-076b-4950-8abd-288a6ac986d0', 'New', 0),
('f9ba2513-f593-46ee-9511-392d1a611195', '876c6093-24ad-4e1f-b641-75732eccb9b0', '2', 0),
('1dbbb571-565d-4075-a33b-39e052ee13eb', 'b9733986-a6ea-4051-9c05-46092fb5457e', '4', 0),
('9ec11088-f3d9-4d32-a9b9-3a52bf23dbcb', 'da96d1dc-ab24-4ed8-b7bb-8cff17474b5a', 'Fine', 0),
('9fbbc7bc-51fc-462e-8378-3a986eaa811c', 'b46256af-2bef-4ebd-b0a6-c68271c7e4c4', 'Khối lượng và thể tích', 0),
('f1242bd3-978d-445f-8c71-3bfbd1b641bf', '10714ef8-e0d8-4ffc-829c-82d5ab7fd6f9', 'Lặp qua một chuỗi lệnh', 1),
('3c5ce828-23b9-4a73-9507-3d53bab27bb5', '998019a2-ee62-4cbd-8bbd-b625cd86fcea', 'Tính đóng gói, tính kế thừa, tính đa hình, tính trừu tượng.', 1),
('8e64b601-98dd-4621-8ad5-3e9023bc539b', 'b9733986-a6ea-4051-9c05-46092fb5457e', '3', 0),
('aad175eb-aa41-4566-9ba4-3f055755366a', 'bb174e56-5650-4f65-9524-786dfa805701', '1440', 1),
('643c2015-d6c0-4139-a8bf-3f572d3c5c7c', '9ac2242e-f45d-4299-b027-a2b77ab11bf7', 'Lập kế hoạch và kiểm soát', 1),
('e1c9767d-d7ed-4304-83cd-40edba2d6d00', '81efcf7f-1a59-4492-8fda-a87d23d225b2', 'Thiết kế vùng chữ', 1),
('2a76ca53-1024-4e4c-b9d7-419420c16ad8', '7caecef5-f677-4f79-b340-c83a394f0582', 'Một loại phần mềm', 0),
('2cd8a624-1d41-47a0-9760-419a5d9a44b6', '9ac2242e-f45d-4299-b027-a2b77ab11bf7', 'Mục tiêu cụ thể, đo được, có ý nghĩa, hợp lý và thời gian cụ thể', 1),
('5522c3dc-98bd-4312-8ae5-41acf12a2277', '2f7f3fac-aa1f-4135-bbed-53a1609e4d62', '2', 1),
('ab4dce6b-c662-4c50-874d-42199bd4af80', '283cfc75-9583-4a19-be33-872730bf1544', 'Vùng nhớ chia sẻ', 1),
('aa60d1c9-5d89-4cb2-8e1b-42699ebbf888', '5b07b8a5-d061-47a6-8258-99b79ecf193f', 'C++', 0),
('8539be98-8e12-46a4-bd9f-42c3ad168903', 'c959bec9-14c6-4410-870b-d8635df194b3', 'Định luật II', 0),
('df753044-ca78-4422-92f6-431f450cf162', 'b5c7e605-4a59-4cd2-89a6-c2e4c4619b34', 'Running', 1),
('285ea0d2-05af-4a7f-8015-4454306d5c59', 'f7354cd2-60d4-4ad8-8f65-74168f2984c6', 'Kích thước ảnh', 0),
('3314da30-01cd-49b4-b440-44c92be3052a', '2d7cbcc6-076b-4950-8abd-288a6ac986d0', 'Ready', 0),
('3cdd6602-fad1-4121-ba9c-453c62b868ed', '9c0064ac-d17c-4591-a207-8a9b73332258', 'Sản phẩm, giá, chia sẻ, tiếp thị', 0),
('2279697e-16f4-4073-bb3d-46cce541b00a', '91b9a6eb-524d-4863-8f97-07663e9988d8', '563', 0),
('4c65bf92-6298-4cfd-bc0a-47a81b25ce00', '094245e1-7b55-4b20-8ecc-2089b5b535bd', '50', 0),
('f8afc830-d4b0-4d62-845a-490728f5f723', '6bf8c500-148a-44d2-b811-5f94da6c2813', 'new Object();', 0),
('c90f9547-171a-4a08-b960-49c2c1b00059', 'e2b692c8-62cd-4388-89bf-5df8cd404f1a', 'Kích thước của hình ảnh', 0),
('f081f5b3-9f3b-45d0-bd5b-49d7de737317', '9ad92235-37c4-4e95-9e9e-b71d976cc9da', 'Quản lý; chia sẻ tài nguyên; giả lập một máy tính mở rộng', 1),
('5cc6d81e-bdaa-4829-a1b0-4a6678f0e7c0', 'dc731eb1-bdf2-4a41-96d2-66ba74a2c4f3', 'Từ khóa super', 0),
('c4cec749-0407-4fbe-bb32-4a70500a782c', '6b6c7489-cd33-4a69-96c3-97711222018a', 'inherit', 0),
('494126e7-70b4-4185-8536-4b12915a543c', 'ed58d0b0-baaf-499c-a141-0cfb61a4cf6d', 'RAID 5 hiện đang được sử dụng rộng rãi nhất', 0),
('82b259a4-eaec-4422-9bcf-4d26502da9a5', '1c261207-3e3b-4be2-b00d-ed72ac545e6f', 'Adobe Photoshop', 0),
('f5206566-055d-48e1-a818-4edea4588fe2', 'ae7f5364-c8f8-431e-ba3b-319142ce3548', '7', 1),
('67b2a674-1568-4f36-9d12-4f81420ab543', '9ad92235-37c4-4e95-9e9e-b71d976cc9da', 'Quản lý; chia sẻ tài nguyên', 0),
('e3b22e81-1189-48e7-a7e7-503429ba6dc8', '094245e1-7b55-4b20-8ecc-2089b5b535bd', '80', 0),
('724d1045-d8af-4758-b1aa-510e3898dc09', 'c0c5e120-7f4c-4476-9293-047bdcbfdadc', '590', 0),
('2b12da89-7ac0-4c98-876b-52f6240c5b76', '3ded44d8-5d6c-4b6a-b826-74a617d12441', 'Tối ưu hóa trang web để xem dưới mọi loại trình duyệt', 0),
('84b9610c-7407-42f9-9b9c-5395cf3afc21', '3637b505-eb79-4510-9029-c7b5739c5dc2', 'Từ khóa catch-throw', 0),
('e273d607-d5ef-4464-b914-53f66ba7b845', '9c0064ac-d17c-4591-a207-8a9b73332258', 'Sản phẩm, giá, quảng cáo, tiếp thị', 1),
('a67b50a5-a2f9-46b6-945a-54604ef70335', '878691f4-e9d9-4042-89eb-e3cd2ef21951', 'Quản lý; phân phối tài nguyên đảm bảo đồng nhất dữ liệu', 0),
('e125d404-2732-4356-a07f-563d0ed99ffa', '5e934e1a-af48-42fb-adb1-8fe5ad1b4ecf', 'Lập kế hoạch nhân sự', 0),
('a7ba1d6d-404c-4c53-b8f9-56ab51c77abf', '2f431b72-27ff-400a-95ee-cb40086b3038', 'RAID là việc hệ thống lưu trữ sử dụng nhiều đĩa để tăng độ tin cậy', 0),
('1125d537-4713-4064-b5a9-56ac545359de', '1cdb370c-329d-4a23-8383-eae9c83b0b4d', 'Sockets', 0),
('6903ac68-6a4d-4109-ad01-5738d88e0ae5', 'ec49c5dc-04e9-4be5-b213-5da28820dfb8', '350', 1),
('b71fa4b4-1447-48d2-89da-5815e9f99be4', 'ec90458e-6a30-4d1f-8669-56259e48c92c', 'PNG', 0),
('2e856d96-96c7-456d-9bf3-584c45293fe9', '876c6093-24ad-4e1f-b641-75732eccb9b0', '3', 0),
('cfd72e7b-37eb-400e-a2fe-5ba2e5374a29', '9b541f67-0815-4539-a890-acad6ab0f9fb', 'Biến mà chỉ có thể truy cập từ phạm vi toàn cục', 0),
('e3558258-2289-44ff-ac76-5ccdfee7e2ed', '9ac2242e-f45d-4299-b027-a2b77ab11bf7', 'Tự doanh và tự quản lý', 0),
('86e21660-e9fa-4315-afab-5cfdaa43b168', '2db2046a-49b8-420c-ad34-7d06cbd07286', 'Central Processing Unit', 1),
('b3294e4c-5e8e-48c3-8587-5ed3679d0af3', '73beb70d-0cfb-499a-80ad-3edfc7b9025e', 'RAID 5 hiện đang được sử dụng rộng rãi nhất', 0),
('f1b3015f-23a0-4e03-b8a7-5ede9ef84052', 'b75dca68-96eb-4f2b-bb06-f8e5a9fc2463', 'Che giấu các chi tiết phần cứng; cung cấp một máy tính mở rộng', 0),
('099de322-7b34-4dce-ab18-5efcb9ca253d', 'e2b692c8-62cd-4388-89bf-5df8cd404f1a', 'Số lượng màu sắc trong một hình ảnh', 0),
('2564cfee-ab93-4184-841d-60df0050dc26', '899b8a50-0c0b-4b6e-b109-d2c10430eb85', 'Java', 0),
('c781987b-0ba8-4b40-8062-62d1080b2447', 'dfd68f7b-e41a-4e22-abed-be3024fe8462', 'Kilogram', 1),
('2da3c10e-78e5-4e6d-91da-63db49c81d58', '094245e1-7b55-4b20-8ecc-2089b5b535bd', '56', 0),
('74c5d567-dc37-4ae2-b822-64725d973854', 'fc0db475-b31b-4071-b5f3-ffafbf97bae1', 'Áp suất điện trong mạch', 0),
('969f4a06-f734-4bfd-b92e-64ada30f3175', '9c785eea-a721-4446-90b1-fca105daa590', 'Tối ưu hóa thời gian huấn luyện', 0),
('0ebf5e2b-bdce-4204-b08f-64d528d08bb2', '1c261207-3e3b-4be2-b00d-ed72ac545e6f', 'Adobe InDesign', 0),
('2352efc0-04ae-47de-ac9d-65e6fba4f88c', 'e9e7173c-b205-4cd6-bcd1-13754d094a5c', 'IDisposable', 0),
('94f2287b-80fd-4c46-aac9-66c80e831746', '1bdbe8d6-814e-47bf-801b-47628eae03ca', 'Vùng nhớ chia sẻ', 1),
('3c6d2baa-3dd3-414f-aa10-6733c4a584aa', '813a6e29-e967-444c-915f-8246e4e09cfa', 'Quản lý tài nguyên và quy trình kinh doanh', 1),
('1367d750-0716-4ea3-94e7-6943775ef7d6', '81efcf7f-1a59-4492-8fda-a87d23d225b2', 'Lựa chọn màu sắc', 0),
('f7607bab-cedc-49b7-8171-6baa442fd425', 'dc731eb1-bdf2-4a41-96d2-66ba74a2c4f3', 'Từ khóa implements', 0),
('d31b9a8b-0570-47aa-b818-6c25c858a408', 'f76400c4-436e-483f-b9d0-214591034ba2', 'Cách kiểm tra lỗi trong mã nguồn', 0),
('0dc8de96-c2b7-455d-9f54-6c35afc14e6f', '094245e1-7b55-4b20-8ecc-2089b5b535bd', '200', 1),
('31eee902-f89b-4ef9-b5eb-6e4bfbf8552e', '73beb70d-0cfb-499a-80ad-3edfc7b9025e', 'RAID là việc hệ thống lưu trữ sử dụng nhiều đĩa để tăng độ tin cậy', 0),
('9bfff297-82c5-4054-8551-6ee2ff933ec5', 'da96d1dc-ab24-4ed8-b7bb-8cff17474b5a', 'Good Morning', 0),
('44af2a3a-9394-4643-af1e-7196fa480534', 'f64429fc-a353-41c6-9d15-75f5a8ad33e7', '8', 0),
('d7afe767-188b-4ef0-b7b4-7209aa8a5077', '8cc4533a-29b3-41e0-857a-2364648593ba', 'Đánh giá nhân viên dựa trên các tiêu chí quan trọng', 1),
('43833be6-d193-493d-af8a-72a4b85ff832', 'f64429fc-a353-41c6-9d15-75f5a8ad33e7', '7', 1),
('2c723ebf-e2f4-4076-a261-739e790a24b2', 'c8b4a0d7-8709-472b-b583-47c011d55773', 'New', 0),
('9c5e3371-25d8-40df-8b36-73e5a7306634', '10714ef8-e0d8-4ffc-829c-82d5ab7fd6f9', 'Xử lý ngoại lệ', 0),
('6d9e62f4-9e2e-4263-9fa9-74b31ced24f2', '2f7f3fac-aa1f-4135-bbed-53a1609e4d62', '3', 0),
('e93a3d7a-fa7f-447a-809a-76dcdc7a9271', '6bf8c500-148a-44d2-b811-5f94da6c2813', 'instantiate Object();', 1),
('1ce35967-7a12-43a2-8e5b-76e3fcac3e2d', '914c944e-ab60-4167-825c-6a1e549820a4', 'Integrated Development Environment', 1),
('7f432af3-6708-476e-a853-7702652c6b93', 'd1d424c9-2af9-4776-857a-3e70a80885b7', 'ev', 0),
('972bd342-34fa-4e19-8978-7a034105f93a', '234db83d-8b1d-40e1-b03e-e07160ab7612', '''''chuỗi đa dòng''', 0),
('de50117b-cb19-4b1e-88b3-7ab9c9380f90', '3b7a5325-7b97-4eb9-b936-30608efecb28', 'Outlier Detection', 1),
('dcefbd2e-0888-4456-84ba-7ac79d9a780a', 'e2b692c8-62cd-4388-89bf-5df8cd404f1a', 'Sự tỷ lệ giữa chiều rộng và chiều cao của hình ảnh', 0),
('564eb52c-8b49-48b1-927c-7b6e8a5b4e48', '2f7f3fac-aa1f-4135-bbed-53a1609e4d62', '1', 0),
('e1b950d5-e753-4fc5-9431-7bba6527377c', '234db83d-8b1d-40e1-b03e-e07160ab7612', '"chuỗi đa dòng"', 0),
('aaac3c76-bdbf-4466-a0bb-7c8a047b9bdf', '8cc4533a-29b3-41e0-857a-2364648593ba', 'Đánh giá tình hình tài chính của công ty', 0),
('1648bc14-8d42-4941-ab97-7cb273ca0ee3', '0bfd6940-8502-4378-b8ba-f6ce8b564c44', 'Tiếp thị', 0),
('a91e71ac-36b1-46b3-85e5-7d7a4ec43de4', 'a859a6b0-2a0c-4fa4-9d19-b257f87949bb', 'Swift', 0),
('0a9a8adc-e362-4a61-815c-7e1ea6b126d0', '6ffbb722-e5c1-4518-9b32-ac39ef30413e', '30 cm', 0),
('d037e07a-76f6-4e33-9e06-80f10ddfb5e0', '5e934e1a-af48-42fb-adb1-8fe5ad1b4ecf', 'Tuyển dụng và tuyển chọn nhân sự', 0),
('8abd56dd-d1ad-4538-9a82-8271e5a7aae0', 'd69ff928-d8db-433b-b3b2-12465cb7f199', 'SDFsdf', 0),
('9ce74c4e-7dea-41bc-9b31-8386b5e7c324', 'ec49c5dc-04e9-4be5-b213-5da28820dfb8', '563', 0),
('7bb561df-7a28-460c-a8aa-84230ea42ef5', 'c0c5e120-7f4c-4476-9293-047bdcbfdadc', '850', 0),
('15c100e0-3797-4ea2-8b84-8423ff9c4aba', '73beb70d-0cfb-499a-80ad-3edfc7b9025e', 'RAID 1 đảm bảo an toàn dữ liệu bằng việc lưu 2 bảng ở 2 khối đĩa', 0),
('2b97a6b4-70a6-4817-9513-85646fe07f6a', '914c944e-ab60-4167-825c-6a1e549820a4', 'Integrated Debugging Environment', 0),
('4f8e1ca1-77b2-46e4-83ab-856a4c52870d', '52df48fb-104c-4434-bfec-1d25215a8569', 'Lập trình hướng đối tượng là phương pháp mới của lập trình máy tính, chia chương trình thành các hàm; quan tâm đến chức năng của hệ thống.', 0),
('de24a656-87da-4920-9472-8678a9d67fc7', 'd1d424c9-2af9-4776-857a-3e70a80885b7', ' ffe', 0),
('f0277a2e-692c-443c-a3e4-867f82001cc9', '2f7f3fac-aa1f-4135-bbed-53a1609e4d62', '4', 0),
('c7a7ba01-aabb-45a6-98cd-86b7c541e522', '6bf8c500-148a-44d2-b811-5f94da6c2813', 'initialize Object();', 0),
('3afcf2eb-49be-485d-ad42-86d4b2bb46bf', 'ec90458e-6a30-4d1f-8669-56259e48c92c', 'TIFF', 1),
('93ad17a0-57ea-4a86-8fca-898c6ce167af', '813a6e29-e967-444c-915f-8246e4e09cfa', 'Quản lý bán hàng', 0),
('44d10459-b64c-4b05-883e-89bc2cfd214b', '58260112-8759-4173-8bf3-22437b5ec181', 'Mảng chỉ cho phép truy cập vào phần tử bằng chỉ mục, trong khi danh sách cho phép truy cập bằng khóa chính.', 0),
('f6763eee-db73-49de-b08d-8bba692d07a9', 'e2b692c8-62cd-4388-89bf-5df8cd404f1a', 'Số điểm ảnh trên mỗi inch (dpi)', 1),
('13f1e0ad-4e44-4357-8ef9-8bd0807bf37a', 'ef8e6273-8d74-4688-94c5-b7d5bedc6b20', '11', 0),
('c7584663-aab2-41ab-9b2e-8c4b028fbfb1', '5b07b8a5-d061-47a6-8258-99b79ecf193f', 'Java', 1),
('0cc91ef6-2cdd-4013-a9e4-8d652cdb4fd8', '1c261207-3e3b-4be2-b00d-ed72ac545e6f', 'CorelDRAW', 0),
('6d3df052-2805-42ae-bc26-8d7f1ea82f76', '7caecef5-f677-4f79-b340-c83a394f0582', 'Một tập hợp các hướng dẫn để giải quyết một vấn đề', 1),
('e9b64a83-4550-4ec3-b9f9-8eeef9aece1f', '7caecef5-f677-4f79-b340-c83a394f0582', 'Một hệ điều hành', 0),
('92deeb60-4a28-442e-a5b5-8efb87159589', '2f431b72-27ff-400a-95ee-cb40086b3038', 'RAID 1 đảm bảo an toàn dữ liệu bằng việc lưu 2 bảng ở 2 khối đĩa', 0),
('9edd2d4a-2f45-47d2-ba77-8f422d71d8a1', '446ba4d7-0c75-4da8-b930-67e611896235', '9', 0),
('73ff9383-cf8c-4901-acd0-906230be633f', 'a859a6b0-2a0c-4fa4-9d19-b257f87949bb', 'Ruby', 0),
('d62e3ddd-5cb7-4393-a8f9-910bbc8103c5', '914c944e-ab60-4167-825c-6a1e549820a4', 'Integrated Design Environment', 0),
('f3bba9fa-e71c-4150-b8f9-91d466bd07cb', '3ded44d8-5d6c-4b6a-b826-74a617d12441', 'Xây dựng các liên kết đến trang web từ các trang web khác', 0),
('62c69194-e298-4f93-bd60-936f37b5c43e', 'a1daf306-0d0f-4f12-a543-51cc5088099e', '/', 0),
('58126c30-7960-4c19-9b4d-941f0b08be6f', '91a43ca5-a4d5-4019-b793-aeab9f5a7253', 'Facebook', 1),
('a5a656da-6569-4b9d-850f-94feb54de81e', '9a644d36-ba78-4bb9-8942-270488d73006', 'Quản lý tiếp thị', 0),
('e977925f-d0e3-44ea-9f6d-95597f287f76', '1c261207-3e3b-4be2-b00d-ed72ac545e6f', 'Adobe Illustrator', 1),
('c5848de7-f2f2-481d-9c95-957d979b5f58', 'bd830252-cae4-472d-9cb3-2e25d147ef36', 'Quản lý sản xuất', 0),
('7467eaa9-dc11-49de-8d7e-959561bc924b', 'ed58d0b0-baaf-499c-a141-0cfb61a4cf6d', 'Các mức RAID phải được sử dụng riêng lẻ', 1),
('0c749c16-337b-47f0-b1f1-963e7620d270', '3ed1b0cd-bf2a-4992-b77f-236e00f5de51', 'Phân loại công việc theo mức độ khó khăn', 0),
('787fbccb-b4f3-4318-8f39-9824965579d9', '1ff0e2e4-bff5-4a3f-a281-7d35f5f9545e', 'Môi trường làm việc', 0),
('3b328852-e220-48e4-819e-98fd2a819eaf', '9ac2242e-f45d-4299-b027-a2b77ab11bf7', 'Mục tiêu lớn và quan trọng', 0),
('d9e54400-d944-4b53-bd22-99ab66716439', '3ded44d8-5d6c-4b6a-b826-74a617d12441', 'Xác định từ khóa phù hợp để tối ưu hóa nội dung trang web', 1),
('eb529bcc-831b-4e52-a0da-9a6168a6156a', '0a6819a6-6ce0-4924-814d-8762f618185b', 'cnrtcv', 0),
('cebad870-725a-41ec-b26e-9acee07c1c55', '8cc4533a-29b3-41e0-857a-2364648593ba', 'Đánh giá các dự án', 0),
('92094571-0b71-43a1-83ac-9b518c60d6ab', '0bfd6940-8502-4378-b8ba-f6ce8b564c44', 'Tất cả các phương án trên', 0),
('0c228a9e-d701-45a5-9e1b-a00161907460', 'c7e51c94-bc0d-46bb-91dd-8d6857b14cdb', 'int num;', 0),
('23255d74-49b3-4899-9411-a094d91158ee', 'c0c5e120-7f4c-4476-9293-047bdcbfdadc', '440', 1),
('0be406bd-27cb-427d-9715-a0a522b9efbe', '91a43ca5-a4d5-4019-b793-aeab9f5a7253', 'LinkedIn', 0),
('d8e5c590-74ff-43df-995b-a185c6b23dee', '0a6819a6-6ce0-4924-814d-8762f618185b', 'dfnwer', 0),
('ec00fa16-aeb4-43c6-a6fa-a1937d7d26bd', 'e9e7173c-b205-4cd6-bcd1-13754d094a5c', 'Lớp không quản lý', 1),
('bf5bef42-9285-4ef8-a3a6-a33ad6c87fe1', '6ffbb722-e5c1-4518-9b32-ac39ef30413e', '48 cm', 0),
('795fe88e-138f-4c37-b376-a52806be5612', '81efcf7f-1a59-4492-8fda-a87d23d225b2', 'Sử dụng hiệu ứng 3D', 0),
('0228f2c4-5343-48b3-8af3-a616e3f71940', 'b75dca68-96eb-4f2b-bb06-f8e5a9fc2463', 'Quản lý; chia sẻ tài nguyên', 0),
('18fd05ee-ed39-49d0-870d-a6aa10c178af', '446ba4d7-0c75-4da8-b930-67e611896235', '10', 1),
('b3fdf6f1-6029-48d7-837b-a732d3b7f274', 'a859a6b0-2a0c-4fa4-9d19-b257f87949bb', 'JavaScript', 0),
('d9c72cee-224a-4303-bac6-a76b2c9d827c', 'b9733986-a6ea-4051-9c05-46092fb5457e', '2', 1),
('ece18bb6-99c3-4faf-a284-a7a9b309cfec', '2d7cbcc6-076b-4950-8abd-288a6ac986d0', 'Running', 1),
('7dc37dd0-bb94-4018-87fc-a823065be672', 'c959bec9-14c6-4410-870b-d8635df194b3', 'Định luật I', 0),
('376b6022-a9d4-465a-800f-a889efdd017b', 'b46256af-2bef-4ebd-b0a6-c68271c7e4c4', 'Lực và diện tích', 1),
('c805c1d3-4fd9-4c91-83c1-a88abcfe6e35', '3b7a5325-7b97-4eb9-b936-30608efecb28', 'Data Wrangling', 0),
('b65c0975-c5bc-4dd4-9432-a906d9fec4fa', 'da96d1dc-ab24-4ed8-b7bb-8cff17474b5a', 'GoodBye', 0),
('913a6357-2cb8-4b6f-a744-a96338b35c9c', 'a1daf306-0d0f-4f12-a543-51cc5088099e', '!', 0),
('e9cd9865-8295-409c-9f87-aa33a9bff486', 'b9733986-a6ea-4051-9c05-46092fb5457e', '1', 0),
('704936b2-edb8-4195-ba60-aa5069ef0934', '1ff0e2e4-bff5-4a3f-a281-7d35f5f9545e', 'Cơ hội thăng tiến', 0),
('170aafeb-e5ba-4b3e-8e0d-ab063dbdd2af', '5e934e1a-af48-42fb-adb1-8fe5ad1b4ecf', 'Quản lý tài chính', 1),
('9aeacb23-8391-4848-b70f-ab781e969924', '446ba4d7-0c75-4da8-b930-67e611896235', '11', 0),
('d0e88eba-1f92-4950-9968-ab8432c2adb4', 'd6e836d7-c227-45ff-b378-42e7fb9494d6', '11', 0),
('3c37dd9b-557a-41c2-8360-ac3b5cf593c3', '5b07b8a5-d061-47a6-8258-99b79ecf193f', 'HTML', 0),
('dcc0adca-c736-4628-945a-acafd14085f2', '3b7a5325-7b97-4eb9-b936-30608efecb28', 'Data Normalization', 0),
('71342e01-f534-485b-87de-ad740fe7fa65', '6b6c7489-cd33-4a69-96c3-97711222018a', ': (Dấu hai chấm)', 1),
('a1c2a9e9-01f7-4760-b565-adc132f87577', '58260112-8759-4173-8bf3-22437b5ec181', 'Mảng có thể chứa các kiểu dữ liệu khác nhau, trong khi danh sách chỉ chứa kiểu dữ liệu đối tượng.', 0),
('0b0df1ba-9b92-4669-9d0e-adf351f769a1', '2f431b72-27ff-400a-95ee-cb40086b3038', 'Các mức RAID phải được sử dụng riêng lẻ', 1),
('4ddfbe55-06b8-4929-9503-ae955dec683d', '6b6c7489-cd33-4a69-96c3-97711222018a', 'using', 0),
('490d50d7-06bb-4528-bf54-afc08de67f3c', '58260112-8759-4173-8bf3-22437b5ec181', 'Mảng không thể lưu trữ các phần tử có giá trị null, trong khi danh sách có thể.', 0),
('ed2d7782-d210-409d-b84a-b1de63983db4', '9b541f67-0815-4539-a890-acad6ab0f9fb', 'Biến mà chỉ có thể truy cập từ phạm vi khối lệnh cụ thể', 1),
('5f35cf0a-8ba2-4fad-a96f-b2931d3d4d04', '30cc196d-aadc-41da-bdec-e81156d83ac5', 'Quá trình Markov', 0),
('9a20c01a-e513-4bec-bae1-b2bd9b9d86af', 'da96d1dc-ab24-4ed8-b7bb-8cff17474b5a', 'Hello', 1),
('d7c1a101-b162-42b2-8967-b6172c876989', '876c6093-24ad-4e1f-b641-75732eccb9b0', '1', 0),
('5ce63b35-8a62-45b3-a3b6-b68ed968bc02', '9ac2242e-f45d-4299-b027-a2b77ab11bf7', 'Đánh bại đối thủ', 0),
('a04cefa9-3dda-4609-8fed-b6bd99a51c0d', 'f7354cd2-60d4-4ad8-8f65-74168f2984c6', 'Loại font chữ', 0),
('d8a893cf-074a-4597-8999-b73506c22051', '30cc196d-aadc-41da-bdec-e81156d83ac5', 'Phân tích dữ liệu cơ bản', 0),
('e370b931-99f0-409e-832f-ba09a9ee48b2', '660a8d83-11df-4d06-b3c3-f27351d3c86b', 'Object Oriented Proccessing', 0),
('eb7587b7-4260-46fd-b303-bb0ad9072f08', '91a43ca5-a4d5-4019-b793-aeab9f5a7253', 'Tất cả các phương án trên', 0),
('8a85e59c-d5ff-4023-9155-bb713a845ae2', 'ae7f5364-c8f8-431e-ba3b-319142ce3548', '6', 0),
('1144ce5b-c640-4fdd-ad0b-bbe97d710da5', '0a6819a6-6ce0-4924-814d-8762f618185b', 'hwrth', 0),
('f5411cdf-3f27-44a3-b927-bc9f59e8c18b', '52df48fb-104c-4434-bfec-1d25215a8569', 'Lập trình hướng đối tượng là phương pháp đặt trọng tâm vào các chức năng, cấu trúc chương trình được xây dựng theo cách tiếp cận hướng chức năng.', 0),
('4c8dcbab-54f8-4006-b464-bce333c6cc0b', 'b5c7e605-4a59-4cd2-89a6-c2e4c4619b34', 'New', 0),
('dcc841ab-c5bd-4f9e-a005-bf15313c4175', 'e9e7173c-b205-4cd6-bcd1-13754d094a5c', 'Object', 0),
('3bcc99ef-d0c1-4244-9cfb-bf3579f9c48f', 'acf93548-ab56-4d5a-918b-f320ddd8dd89', 'rfg', 0),
('ab10bfc3-0d17-4040-91f8-bf83f2268071', 'c7e51c94-bc0d-46bb-91dd-8d6857b14cdb', 'int num = 0;', 0),
('39c76c46-ede2-4b90-aa0f-c02b550a6367', '9b541f67-0815-4539-a890-acad6ab0f9fb', 'Biến mà có thể truy cập từ bất kỳ phạm vi nào trong chương trình', 0),
('cc67774d-5325-4f5b-9d85-c08e033d2292', 'c959bec9-14c6-4410-870b-d8635df194b3', 'Định luật III', 0),
('e5c7caa8-d871-45ba-9645-c15f310b9574', '878691f4-e9d9-4042-89eb-e3cd2ef21951', 'Quản lý; chia sẻ tài nguyên; giả lập một máy tính mở rộng', 1),
('c6faa7a7-cec9-423b-9da5-c1b907003134', '721440b0-3765-4d48-802c-f246946a97e0', 'Phân tích dữ liệu lớn', 1),
('d4480f96-61b7-4533-8534-c26a016fd396', 'bb174e56-5650-4f65-9524-786dfa805701', '590', 0),
('e3271ec4-87c9-4ec5-9b4b-c27a5ebd5e8b', '660a8d83-11df-4d06-b3c3-f27351d3c86b', 'Object Open Programming', 0),
('8d31d577-0142-49d1-aace-c3a77b7e4745', '9c785eea-a721-4446-90b1-fca105daa590', 'Tối ưu hóa dữ liệu đầu vào', 0),
('73c49488-d078-4dcd-8472-c40f9fd47bb4', '2db2046a-49b8-420c-ad34-7d06cbd07286', 'Control Processing Unit', 0),
('59295783-426c-4421-bfcd-c45c3c38c0af', '1150e405-0394-40a2-b1d0-22b1a2cdc7bd', 'public', 0),
('1709caa1-48ab-4a32-9181-c4604417f9d5', '899b8a50-0c0b-4b6e-b109-d2c10430eb85', 'JavaScript', 0),
('f1334336-3990-44b6-9840-c4cd25d3e096', 'acf93548-ab56-4d5a-918b-f320ddd8dd89', '2', 1),
('c181de64-8f3a-4c10-8baa-c600ba07ea69', '9a644d36-ba78-4bb9-8942-270488d73006', 'Quản lý nguồn nhân lực', 1),
('7a78509e-da31-4ec5-b568-c6727408d5e6', '283cfc75-9583-4a19-be33-872730bf1544', 'Sockets', 0),
('a9e05d69-cbe1-4aa5-aebb-c7f3381cce74', '91a43ca5-a4d5-4019-b793-aeab9f5a7253', 'Instagram', 0),
('fe962c34-a205-426a-a1cd-c81be0adf348', 'ef8e6273-8d74-4688-94c5-b7d5bedc6b20', '9', 1),
('40370db0-aa26-42dd-a028-c95a2d763f52', 'c959bec9-14c6-4410-870b-d8635df194b3', 'Định luật IV', 1),
('cbf93894-b88f-4bfe-87d2-cb481b57d35d', '3ed1b0cd-bf2a-4992-b77f-236e00f5de51', 'Phân loại công việc theo thời gian làm việc', 0),
('9a43bf7b-c8a6-46c5-ae5f-cb6a444e6a96', '7caecef5-f677-4f79-b340-c83a394f0582', 'Một thiết bị máy tính', 0),
('6b4026c0-f192-42a1-b527-cb86e608373c', '1cdb370c-329d-4a23-8383-eae9c83b0b4d', 'Vùng nhớ chia sẻ', 1),
('2c810a59-f202-479e-be4d-ce3fdb931b2d', 'b5c7e605-4a59-4cd2-89a6-c2e4c4619b34', 'Ready', 0),
('c932fa65-f437-4e8a-8054-ce671c609171', 'ae7f5364-c8f8-431e-ba3b-319142ce3548', '8', 0),
('f1cefc45-e48c-4a0e-ad31-ce90cf01e11f', 'a1daf306-0d0f-4f12-a543-51cc5088099e', '@', 1),
('c3c3e290-966f-4911-8b0b-cf52810751be', '91b9a6eb-524d-4863-8f97-07663e9988d8', '650', 1),
('1ba9f0a7-a80a-4eac-a028-cfe389abbcf2', '6bf8c500-148a-44d2-b811-5f94da6c2813', 'create Object();', 0),
('ab9e9dc4-aca2-4a68-9a43-d090138062f6', '1ff0e2e4-bff5-4a3f-a281-7d35f5f9545e', 'Tài năng và kỹ năng cá nhân', 1),
('01d807bb-37ce-4495-8d3e-d099e9eeb466', 'ed58d0b0-baaf-499c-a141-0cfb61a4cf6d', 'RAID 1 đảm bảo an toàn dữ liệu bằng việc lưu 2 bảng ở 2 khối đĩa', 0),
('aead6054-fb09-4595-978b-d0d873b403a2', '998019a2-ee62-4cbd-8bbd-b625cd86fcea', 'Tính chia nhỏ, tính kế thừa.', 0),
('43a9c441-e51a-4607-a838-d23789dc4b11', 'ef8e6273-8d74-4688-94c5-b7d5bedc6b20', '5', 0),
('d7b8ee0b-cfd0-4f36-bd12-d2a2da15a4fd', '878691f4-e9d9-4042-89eb-e3cd2ef21951', 'Che giấu các chi tiết phần cứng; cung cấp một máy tính mở rộng', 0),
('674f17c3-dffc-4618-8bbf-d3412f7c4258', 'ed58d0b0-baaf-499c-a141-0cfb61a4cf6d', 'RAID là việc hệ thống lưu trữ sử dụng nhiều đĩa để tăng độ tin cậy', 0),
('66fd2f3e-ec10-44a6-8ba6-d4574a1f9626', 'd6e836d7-c227-45ff-b378-42e7fb9494d6', '5', 0),
('d8f2f639-34c2-43a0-846f-d5895830060e', '283cfc75-9583-4a19-be33-872730bf1544', 'Pipe', 0),
('6f0ca522-1dd2-4fb7-b8da-d5e90484d1eb', '1ff0e2e4-bff5-4a3f-a281-7d35f5f9545e', 'Lương và phúc lợi', 0),
('572608da-43ea-40c2-899f-d5fc6fbe4f71', '2db2046a-49b8-420c-ad34-7d06cbd07286', 'Computer Processing Unit', 0),
('4cefcbb4-ba66-428f-a022-d600e401eb74', 'c8b4a0d7-8709-472b-b583-47c011d55773', 'Block/Waiting', 0),
('73b2fb01-8668-4db6-af47-da16e10c0417', '5e934e1a-af48-42fb-adb1-8fe5ad1b4ecf', 'Phát triển nhân lực', 0),
('5c63819f-5ec8-4b99-a8e1-ddc22d1eb05f', '2db2046a-49b8-420c-ad34-7d06cbd07286', 'Central Program Unit', 0),
('2349a7a7-96ca-4db0-95ef-ddf6b66db23b', 'd1d424c9-2af9-4776-857a-3e70a80885b7', 'wb', 0),
('9f6254c4-a3a3-4279-89f3-de1472e60790', '9c785eea-a721-4446-90b1-fca105daa590', 'Tối ưu hóa độ phức tạp của mô hình', 0),
('7574a9e6-6cde-4383-858a-de57a85a91f8', '9ac2242e-f45d-4299-b027-a2b77ab11bf7', 'Mục tiêu chi phí thấp', 0),
('ac4a6a85-a937-4a1d-8867-de6c223c0e9d', 'b46256af-2bef-4ebd-b0a6-c68271c7e4c4', 'Khối lượng và gia tốc', 0),
('fc9fa3e0-7c91-4502-b8fe-de982c14061c', 'f64429fc-a353-41c6-9d15-75f5a8ad33e7', '9', 0),
('bf29e197-29ca-4e2a-9ae1-df1f59c5b528', 'c8b4a0d7-8709-472b-b583-47c011d55773', 'Running', 1),
('723536d1-a2c8-44a7-8bde-df53c8443cc8', '9a644d36-ba78-4bb9-8942-270488d73006', 'Quản lý tài chính', 0),
('ca742153-a1b5-4b97-bdf5-e06ea238c473', 'a1daf306-0d0f-4f12-a543-51cc5088099e', '#', 0),
('b318b18e-0380-4e19-a590-e1a93d63f8f6', 'e9e7173c-b205-4cd6-bcd1-13754d094a5c', 'System.GC', 0),
('15d4aa0c-1573-499e-877b-e34ce4be59bf', 'b5c7e605-4a59-4cd2-89a6-c2e4c4619b34', 'Block/Waiting', 0),
('afddce98-0ee8-4e65-a21d-e44f7d3b6487', 'bb174e56-5650-4f65-9524-786dfa805701', '850', 0),
('ddda2611-677e-4035-a13a-e45adaafc21b', 'bd830252-cae4-472d-9cb3-2e25d147ef36', 'Quản lý tài chính', 0),
('5b7cbdae-e850-46cd-be7e-e51e139714cf', '6ffbb722-e5c1-4518-9b32-ac39ef30413e', '10 cm', 1),
('3b592c21-5a60-4d0b-8b65-e54cd3d80ea2', '1bdbe8d6-814e-47bf-801b-47628eae03ca', 'Trao đổi thông điệp', 0),
('07340180-cbff-470b-9934-e788335cf930', 'ec49c5dc-04e9-4be5-b213-5da28820dfb8', '500', 0),
('cadb3a78-47c1-4ff0-aa32-e84996e42ba1', '30cc196d-aadc-41da-bdec-e81156d83ac5', 'Học máy', 0),
('1485899d-00b4-4a2e-ab4d-e9901bb0fe12', 'bb174e56-5650-4f65-9524-786dfa805701', '763', 0),
('fbd00e95-052c-430e-841c-e9a33fa2f6f6', '234db83d-8b1d-40e1-b03e-e07160ab7612', '@"chuỗi đa dòng"''', 1),
('4175d41c-69da-4eb9-871a-ea405ac573a2', 'acf93548-ab56-4d5a-918b-f320ddd8dd89', 'qw', 0),
('10d1113d-6451-4dc9-8785-ec48d987adb7', '10714ef8-e0d8-4ffc-829c-82d5ab7fd6f9', 'Kiểm tra điều kiện', 0),
('067e4a4a-70ee-490f-b471-ecf1d20778fd', '9ad92235-37c4-4e95-9e9e-b71d976cc9da', 'Quản lý; phân phối tài nguyên đảm bảo đồng nhất dữ liệu', 0),
('96a82c35-986c-4dc1-80c1-ed964d60fbe7', '1cdb370c-329d-4a23-8383-eae9c83b0b4d', 'Trao đổi thông điệp', 0),
('50a65434-d88d-418f-961b-edd7a90041a8', 'dfd68f7b-e41a-4e22-abed-be3024fe8462', 'Pound', 0),
('aca5d296-06fb-47bb-a80f-ee0a37550178', 'fc0db475-b31b-4071-b5f3-ffafbf97bae1', 'Số vật liệu dẫn điện trong mạch', 0),
('52e74b10-e03a-435c-bf9d-ee1c82d68872', '9ac2242e-f45d-4299-b027-a2b77ab11bf7', 'Mục tiêu thu lợi nhuận cao', 0),
('ab0489a2-f3b2-4903-9b92-ee2dc201a8d4', 'fc0db475-b31b-4071-b5f3-ffafbf97bae1', 'Số lượng điện tích qua một điểm trong mạch mỗi giây', 1),
('6ceaffce-2bfa-4ad0-ac4c-ee755f32aa5a', 'dfd68f7b-e41a-4e22-abed-be3024fe8462', 'Ounce', 0),
('62ae064b-67e9-4fa9-a778-ef156650bc28', '876c6093-24ad-4e1f-b641-75732eccb9b0', '4', 1),
('92b65cb7-86a1-4fdb-91f5-f0134dd3d842', '0a6819a6-6ce0-4924-814d-8762f618185b', 'wetdv', 1),
('983db822-5e82-4ff2-948c-f04605a4006d', '1bdbe8d6-814e-47bf-801b-47628eae03ca', 'Sockets', 0),
('b0c1d0fc-ca66-4df8-b603-f08637a47be0', '3ed1b0cd-bf2a-4992-b77f-236e00f5de51', 'Phân loại công việc theo nhóm công việc tương tự', 1),
('df80933c-7e91-42f5-bd65-f0dfd51a4f89', 'dc731eb1-bdf2-4a41-96d2-66ba74a2c4f3', 'Từ khóa inherit', 0),
('cd93bc03-f784-4f90-9a63-f2c3a1c71a1a', 'acf93548-ab56-4d5a-918b-f320ddd8dd89', '34', 0),
('82ed699d-6c7e-499e-b33a-f339fb70110e', '3637b505-eb79-4510-9029-c7b5739c5dc2', 'Từ khóa exception', 0),
('e2688673-f3c1-4ed7-9edd-f4a99f661ed0', '5b07b8a5-d061-47a6-8258-99b79ecf193f', 'Python', 0),
('33146156-41df-4bef-baa3-f4ee1c6dfe6e', 'd69ff928-d8db-433b-b3b2-12465cb7f199', 'fbdfb', 1),
('c20e1b5d-3708-45c2-927b-f7db4dc25bb3', 'f76400c4-436e-483f-b9d0-214591034ba2', 'Một loại kiểu dữ liệu', 0),
('e6e13aa1-6ce4-4025-8c24-f86e68ee0aaf', '3b7a5325-7b97-4eb9-b936-30608efecb28', 'Data Transformation', 0),
('0c09ec2e-3f0e-4d04-86fc-fa9a5519fc01', '3ded44d8-5d6c-4b6a-b826-74a617d12441', 'Sử dụng quảng cáo trực tuyến hiệu quả', 0),
('f1f09f2d-781a-4256-83bd-fae82aef3a45', 'dfd68f7b-e41a-4e22-abed-be3024fe8462', 'Gram', 0),
('60e6f10a-7c35-4dd5-a1a4-fb8663d5ef75', '9c785eea-a721-4446-90b1-fca105daa590', 'Tối ưu hóa một hàm mất mát hoặc mục tiêu cụ thể', 1),
('4615d6f0-d621-45d0-a146-fc02f6dc12bd', 'c0c5e120-7f4c-4476-9293-047bdcbfdadc', '763', 0),
('e481de16-6ff2-4545-801f-fc06d9b6aed0', '2d7cbcc6-076b-4950-8abd-288a6ac986d0', 'Block/Waiting', 0),
('71018bdf-a2a2-44ba-9039-fcf71a9d68b7', '721440b0-3765-4d48-802c-f246946a97e0', 'Cơ sở dữ liệu lớn', 0),
('57311823-0234-4904-a326-fe269a002963', '813a6e29-e967-444c-915f-8246e4e09cfa', 'Quản lý tài sản', 0),
('9a77e62d-b217-4a7a-a1a6-fe9cfca4d6c9', '899b8a50-0c0b-4b6e-b109-d2c10430eb85', 'Ruby', 0),
('bfaec7b8-a789-4c70-8850-fee3a80def61', 'ec49c5dc-04e9-4be5-b213-5da28820dfb8', '580', 0);
 

INSERT INTO chiTietBaiKiemTra ("ma_deKiemTra", "ma_cauHoi", "thuTu") VALUES
('c1c9ea82-8310-49dc-b26e-f87a2344da78', '58260112-8759-4173-8bf3-22437b5ec181', 1),
('c1c9ea82-8310-49dc-b26e-f87a2344da78', '1150e405-0394-40a2-b1d0-22b1a2cdc7bd', 2),
('c1c9ea82-8310-49dc-b26e-f87a2344da78', '6bf8c500-148a-44d2-b811-5f94da6c2813', 3),
('c1c9ea82-8310-49dc-b26e-f87a2344da78', 'dc731eb1-bdf2-4a41-96d2-66ba74a2c4f3', 4),
('c1c9ea82-8310-49dc-b26e-f87a2344da78', '3637b505-eb79-4510-9029-c7b5739c5dc2', 5),
('78e2cf6a-4162-4433-92ce-6e12fbb35c69', 'f76400c4-436e-483f-b9d0-214591034ba2', 1),
('78e2cf6a-4162-4433-92ce-6e12fbb35c69', '2f7f3fac-aa1f-4135-bbed-53a1609e4d62', 2),
('78e2cf6a-4162-4433-92ce-6e12fbb35c69', '914c944e-ab60-4167-825c-6a1e549820a4', 3),
('78e2cf6a-4162-4433-92ce-6e12fbb35c69', '10714ef8-e0d8-4ffc-829c-82d5ab7fd6f9', 4),
('78e2cf6a-4162-4433-92ce-6e12fbb35c69', '9b541f67-0815-4539-a890-acad6ab0f9fb', 5),
('b4d85032-7f85-4f83-aba7-acefcaa9fb1d', '3637b505-eb79-4510-9029-c7b5739c5dc2', 1),
('b4d85032-7f85-4f83-aba7-acefcaa9fb1d', '9b541f67-0815-4539-a890-acad6ab0f9fb', 2),
('b4d85032-7f85-4f83-aba7-acefcaa9fb1d', '10714ef8-e0d8-4ffc-829c-82d5ab7fd6f9', 3),
('b4d85032-7f85-4f83-aba7-acefcaa9fb1d', '914c944e-ab60-4167-825c-6a1e549820a4', 4),
('b4d85032-7f85-4f83-aba7-acefcaa9fb1d', 'dc731eb1-bdf2-4a41-96d2-66ba74a2c4f3', 5),
('b4d85032-7f85-4f83-aba7-acefcaa9fb1d', '6bf8c500-148a-44d2-b811-5f94da6c2813', 6),
('b4d85032-7f85-4f83-aba7-acefcaa9fb1d', '2f7f3fac-aa1f-4135-bbed-53a1609e4d62', 7),
('b4d85032-7f85-4f83-aba7-acefcaa9fb1d', '1150e405-0394-40a2-b1d0-22b1a2cdc7bd', 8),
('b4d85032-7f85-4f83-aba7-acefcaa9fb1d', '58260112-8759-4173-8bf3-22437b5ec181', 9),
('b4d85032-7f85-4f83-aba7-acefcaa9fb1d', 'f76400c4-436e-483f-b9d0-214591034ba2', 10),
('3e1dc6e0-2d97-4254-b1fb-2dd14dedcf1a', '58260112-8759-4173-8bf3-22437b5ec181', 1),
('3e1dc6e0-2d97-4254-b1fb-2dd14dedcf1a', '1150e405-0394-40a2-b1d0-22b1a2cdc7bd', 2),
('3e1dc6e0-2d97-4254-b1fb-2dd14dedcf1a', '2f7f3fac-aa1f-4135-bbed-53a1609e4d62', 3),
('3e1dc6e0-2d97-4254-b1fb-2dd14dedcf1a', '6bf8c500-148a-44d2-b811-5f94da6c2813', 4),
('3e1dc6e0-2d97-4254-b1fb-2dd14dedcf1a', 'dc731eb1-bdf2-4a41-96d2-66ba74a2c4f3', 5),
('3e1dc6e0-2d97-4254-b1fb-2dd14dedcf1a', '914c944e-ab60-4167-825c-6a1e549820a4', 6),
('4418cc81-45d2-4fd3-a520-6f9b01245033', '58260112-8759-4173-8bf3-22437b5ec181', 1),
('4418cc81-45d2-4fd3-a520-6f9b01245033', '9b541f67-0815-4539-a890-acad6ab0f9fb', 2),
('4418cc81-45d2-4fd3-a520-6f9b01245033', '3637b505-eb79-4510-9029-c7b5739c5dc2', 3),
('4418cc81-45d2-4fd3-a520-6f9b01245033', '10714ef8-e0d8-4ffc-829c-82d5ab7fd6f9', 4),
('4418cc81-45d2-4fd3-a520-6f9b01245033', '914c944e-ab60-4167-825c-6a1e549820a4', 5),
('4418cc81-45d2-4fd3-a520-6f9b01245033', 'dc731eb1-bdf2-4a41-96d2-66ba74a2c4f3', 6),
('4418cc81-45d2-4fd3-a520-6f9b01245033', '6bf8c500-148a-44d2-b811-5f94da6c2813', 7),
('4418cc81-45d2-4fd3-a520-6f9b01245033', '2f7f3fac-aa1f-4135-bbed-53a1609e4d62', 8),
('1f7ec9da-660a-4242-841c-4a3e7f78b83f', 'ec90458e-6a30-4d1f-8669-56259e48c92c', 1),
('1f7ec9da-660a-4242-841c-4a3e7f78b83f', 'e2b692c8-62cd-4388-89bf-5df8cd404f1a', 2),
('1f7ec9da-660a-4242-841c-4a3e7f78b83f', 'f7354cd2-60d4-4ad8-8f65-74168f2984c6', 3),
('1f7ec9da-660a-4242-841c-4a3e7f78b83f', '81efcf7f-1a59-4492-8fda-a87d23d225b2', 4),
('1f7ec9da-660a-4242-841c-4a3e7f78b83f', 'dfd68f7b-e41a-4e22-abed-be3024fe8462', 5),
('1f7ec9da-660a-4242-841c-4a3e7f78b83f', 'b46256af-2bef-4ebd-b0a6-c68271c7e4c4', 6),
('1eebff72-6f06-4ac6-8179-1dcf28f51a7c', 'fc0db475-b31b-4071-b5f3-ffafbf97bae1', 1),
('1eebff72-6f06-4ac6-8179-1dcf28f51a7c', '1c261207-3e3b-4be2-b00d-ed72ac545e6f', 2),
('60c4ad3b-0801-4fbc-b914-ba31ad19e93c', 'f76400c4-436e-483f-b9d0-214591034ba2', 1),
('60c4ad3b-0801-4fbc-b914-ba31ad19e93c', '58260112-8759-4173-8bf3-22437b5ec181', 2),
('60c4ad3b-0801-4fbc-b914-ba31ad19e93c', '1150e405-0394-40a2-b1d0-22b1a2cdc7bd', 3),
('60c4ad3b-0801-4fbc-b914-ba31ad19e93c', '2f7f3fac-aa1f-4135-bbed-53a1609e4d62', 4),
('60c4ad3b-0801-4fbc-b914-ba31ad19e93c', '6bf8c500-148a-44d2-b811-5f94da6c2813', 5),
('60c4ad3b-0801-4fbc-b914-ba31ad19e93c', 'dc731eb1-bdf2-4a41-96d2-66ba74a2c4f3', 6),
('60c4ad3b-0801-4fbc-b914-ba31ad19e93c', '914c944e-ab60-4167-825c-6a1e549820a4', 7),
('60c4ad3b-0801-4fbc-b914-ba31ad19e93c', '10714ef8-e0d8-4ffc-829c-82d5ab7fd6f9', 8),
('60c4ad3b-0801-4fbc-b914-ba31ad19e93c', '9b541f67-0815-4539-a890-acad6ab0f9fb', 9),
('60c4ad3b-0801-4fbc-b914-ba31ad19e93c', '3637b505-eb79-4510-9029-c7b5739c5dc2', 10),
('6754a0e7-80de-41e6-9d3a-7f854fda8cb5', 'f76400c4-436e-483f-b9d0-214591034ba2', 1),
('6754a0e7-80de-41e6-9d3a-7f854fda8cb5', '58260112-8759-4173-8bf3-22437b5ec181', 2),
('6754a0e7-80de-41e6-9d3a-7f854fda8cb5', '1150e405-0394-40a2-b1d0-22b1a2cdc7bd', 3),
('6754a0e7-80de-41e6-9d3a-7f854fda8cb5', '2f7f3fac-aa1f-4135-bbed-53a1609e4d62', 4),
('6754a0e7-80de-41e6-9d3a-7f854fda8cb5', '6bf8c500-148a-44d2-b811-5f94da6c2813', 5),
('6754a0e7-80de-41e6-9d3a-7f854fda8cb5', 'dc731eb1-bdf2-4a41-96d2-66ba74a2c4f3', 6),
('6754a0e7-80de-41e6-9d3a-7f854fda8cb5', '914c944e-ab60-4167-825c-6a1e549820a4', 7),
('6754a0e7-80de-41e6-9d3a-7f854fda8cb5', '10714ef8-e0d8-4ffc-829c-82d5ab7fd6f9', 8),
('6754a0e7-80de-41e6-9d3a-7f854fda8cb5', '9b541f67-0815-4539-a890-acad6ab0f9fb', 9),
('6754a0e7-80de-41e6-9d3a-7f854fda8cb5', '3637b505-eb79-4510-9029-c7b5739c5dc2', 10),
('bf8f33eb-ad1a-4750-a098-5b6d8e6f70c3', 'f76400c4-436e-483f-b9d0-214591034ba2', 1),
('bf8f33eb-ad1a-4750-a098-5b6d8e6f70c3', '58260112-8759-4173-8bf3-22437b5ec181', 2),
('bf8f33eb-ad1a-4750-a098-5b6d8e6f70c3', '1150e405-0394-40a2-b1d0-22b1a2cdc7bd', 3),
('bf8f33eb-ad1a-4750-a098-5b6d8e6f70c3', '2f7f3fac-aa1f-4135-bbed-53a1609e4d62', 4),
('bf8f33eb-ad1a-4750-a098-5b6d8e6f70c3', '6bf8c500-148a-44d2-b811-5f94da6c2813', 5),
('bf8f33eb-ad1a-4750-a098-5b6d8e6f70c3', 'dc731eb1-bdf2-4a41-96d2-66ba74a2c4f3', 6),
('bf8f33eb-ad1a-4750-a098-5b6d8e6f70c3', '914c944e-ab60-4167-825c-6a1e549820a4', 7),
('bf8f33eb-ad1a-4750-a098-5b6d8e6f70c3', '10714ef8-e0d8-4ffc-829c-82d5ab7fd6f9', 8),
('bf8f33eb-ad1a-4750-a098-5b6d8e6f70c3', '9b541f67-0815-4539-a890-acad6ab0f9fb', 9),
('bf8f33eb-ad1a-4750-a098-5b6d8e6f70c3', '3637b505-eb79-4510-9029-c7b5739c5dc2', 10),
('82c1d688-1c4f-4cf0-b7a4-65005573f81a', 'f76400c4-436e-483f-b9d0-214591034ba2', 1),
('82c1d688-1c4f-4cf0-b7a4-65005573f81a', '58260112-8759-4173-8bf3-22437b5ec181', 2),
('82c1d688-1c4f-4cf0-b7a4-65005573f81a', '1150e405-0394-40a2-b1d0-22b1a2cdc7bd', 3),
('82c1d688-1c4f-4cf0-b7a4-65005573f81a', '2f7f3fac-aa1f-4135-bbed-53a1609e4d62', 4),
('82c1d688-1c4f-4cf0-b7a4-65005573f81a', '6bf8c500-148a-44d2-b811-5f94da6c2813', 5),
('f563a41c-b061-4188-8174-fc53dc257d68', 'f76400c4-436e-483f-b9d0-214591034ba2', 1),
('f563a41c-b061-4188-8174-fc53dc257d68', '1150e405-0394-40a2-b1d0-22b1a2cdc7bd', 2),
('f563a41c-b061-4188-8174-fc53dc257d68', '6bf8c500-148a-44d2-b811-5f94da6c2813', 3),
('f563a41c-b061-4188-8174-fc53dc257d68', '914c944e-ab60-4167-825c-6a1e549820a4', 4),
('f563a41c-b061-4188-8174-fc53dc257d68', '9b541f67-0815-4539-a890-acad6ab0f9fb', 5),
('c93b8d68-c1fc-4830-b3a5-cf24de844f5a', 'f76400c4-436e-483f-b9d0-214591034ba2', 1),
('c93b8d68-c1fc-4830-b3a5-cf24de844f5a', '58260112-8759-4173-8bf3-22437b5ec181', 2),
('c93b8d68-c1fc-4830-b3a5-cf24de844f5a', '1150e405-0394-40a2-b1d0-22b1a2cdc7bd', 3),
('c93b8d68-c1fc-4830-b3a5-cf24de844f5a', '2f7f3fac-aa1f-4135-bbed-53a1609e4d62', 4),
('c93b8d68-c1fc-4830-b3a5-cf24de844f5a', '6bf8c500-148a-44d2-b811-5f94da6c2813', 5),
('c93b8d68-c1fc-4830-b3a5-cf24de844f5a', 'dc731eb1-bdf2-4a41-96d2-66ba74a2c4f3', 6),
('c93b8d68-c1fc-4830-b3a5-cf24de844f5a', '914c944e-ab60-4167-825c-6a1e549820a4', 7),
('c93b8d68-c1fc-4830-b3a5-cf24de844f5a', '10714ef8-e0d8-4ffc-829c-82d5ab7fd6f9', 8),
('c93b8d68-c1fc-4830-b3a5-cf24de844f5a', '9b541f67-0815-4539-a890-acad6ab0f9fb', 9),
('c93b8d68-c1fc-4830-b3a5-cf24de844f5a', '3637b505-eb79-4510-9029-c7b5739c5dc2', 10),
('a0a7e3b4-fd3d-4d23-9297-bc1e7e2aa606', 'b9733986-a6ea-4051-9c05-46092fb5457e', 4),
('a0a7e3b4-fd3d-4d23-9297-bc1e7e2aa606', '094245e1-7b55-4b20-8ecc-2089b5b535bd', 3),
('a0a7e3b4-fd3d-4d23-9297-bc1e7e2aa606', '52df48fb-104c-4434-bfec-1d25215a8569', 1),
('a0a7e3b4-fd3d-4d23-9297-bc1e7e2aa606', '73beb70d-0cfb-499a-80ad-3edfc7b9025e', 2),
('58ec0753-4996-4000-b421-dc0f2d7ef1e6', 'c0c5e120-7f4c-4476-9293-047bdcbfdadc', 1),
('58ec0753-4996-4000-b421-dc0f2d7ef1e6', '91b9a6eb-524d-4863-8f97-07663e9988d8', 2),
('58ec0753-4996-4000-b421-dc0f2d7ef1e6', 'ae7f5364-c8f8-431e-ba3b-319142ce3548', 3),
('58ec0753-4996-4000-b421-dc0f2d7ef1e6', 'd6e836d7-c227-45ff-b378-42e7fb9494d6', 4),
('58ec0753-4996-4000-b421-dc0f2d7ef1e6', 'ec49c5dc-04e9-4be5-b213-5da28820dfb8', 5),
('58ec0753-4996-4000-b421-dc0f2d7ef1e6', '446ba4d7-0c75-4da8-b930-67e611896235', 6),
('58ec0753-4996-4000-b421-dc0f2d7ef1e6', 'f64429fc-a353-41c6-9d15-75f5a8ad33e7', 7),
('58ec0753-4996-4000-b421-dc0f2d7ef1e6', 'bb174e56-5650-4f65-9524-786dfa805701', 8),
('58ec0753-4996-4000-b421-dc0f2d7ef1e6', 'ef8e6273-8d74-4688-94c5-b7d5bedc6b20', 9),
('f37d2a0c-4b95-433e-a308-4154603e89fd', 'e9e7173c-b205-4cd6-bcd1-13754d094a5c', 1),
('f37d2a0c-4b95-433e-a308-4154603e89fd', 'a1daf306-0d0f-4f12-a543-51cc5088099e', 2),
('f37d2a0c-4b95-433e-a308-4154603e89fd', 'c7e51c94-bc0d-46bb-91dd-8d6857b14cdb', 3),
('f37d2a0c-4b95-433e-a308-4154603e89fd', '6b6c7489-cd33-4a69-96c3-97711222018a', 4),
('f37d2a0c-4b95-433e-a308-4154603e89fd', '234db83d-8b1d-40e1-b03e-e07160ab7612', 5),
('cb57ce47-f684-472a-a5be-7b0da919f8bd', 'c0c5e120-7f4c-4476-9293-047bdcbfdadc', 1),
('cb57ce47-f684-472a-a5be-7b0da919f8bd', '91b9a6eb-524d-4863-8f97-07663e9988d8', 2),
('cb57ce47-f684-472a-a5be-7b0da919f8bd', 'e9e7173c-b205-4cd6-bcd1-13754d094a5c', 3),
('cb57ce47-f684-472a-a5be-7b0da919f8bd', '3b7a5325-7b97-4eb9-b936-30608efecb28', 4),
('cb57ce47-f684-472a-a5be-7b0da919f8bd', 'ae7f5364-c8f8-431e-ba3b-319142ce3548', 5),
('cb57ce47-f684-472a-a5be-7b0da919f8bd', 'd6e836d7-c227-45ff-b378-42e7fb9494d6', 6),
('cb57ce47-f684-472a-a5be-7b0da919f8bd', 'a1daf306-0d0f-4f12-a543-51cc5088099e', 7),
('cb57ce47-f684-472a-a5be-7b0da919f8bd', 'ec49c5dc-04e9-4be5-b213-5da28820dfb8', 8),
('cb57ce47-f684-472a-a5be-7b0da919f8bd', '446ba4d7-0c75-4da8-b930-67e611896235', 9),
('cb57ce47-f684-472a-a5be-7b0da919f8bd', 'f64429fc-a353-41c6-9d15-75f5a8ad33e7', 10),
('cb57ce47-f684-472a-a5be-7b0da919f8bd', 'bb174e56-5650-4f65-9524-786dfa805701', 11),
('cb57ce47-f684-472a-a5be-7b0da919f8bd', 'c7e51c94-bc0d-46bb-91dd-8d6857b14cdb', 12),
('cb57ce47-f684-472a-a5be-7b0da919f8bd', '6b6c7489-cd33-4a69-96c3-97711222018a', 13),
('cb57ce47-f684-472a-a5be-7b0da919f8bd', 'ef8e6273-8d74-4688-94c5-b7d5bedc6b20', 14),
('cb57ce47-f684-472a-a5be-7b0da919f8bd', '157ed4f4-7ec8-4b36-adff-c051940a0bd3', 15),
('cb57ce47-f684-472a-a5be-7b0da919f8bd', '899b8a50-0c0b-4b6e-b109-d2c10430eb85', 16),
('cb57ce47-f684-472a-a5be-7b0da919f8bd', '234db83d-8b1d-40e1-b03e-e07160ab7612', 17),
('cb57ce47-f684-472a-a5be-7b0da919f8bd', '30cc196d-aadc-41da-bdec-e81156d83ac5', 18),
('cb57ce47-f684-472a-a5be-7b0da919f8bd', '9c785eea-a721-4446-90b1-fca105daa590', 19),
('8e74bf14-25a9-4b3c-aab6-16725b77ede3', '91b9a6eb-524d-4863-8f97-07663e9988d8', 1),
('8e74bf14-25a9-4b3c-aab6-16725b77ede3', 'e9e7173c-b205-4cd6-bcd1-13754d094a5c', 3),
('8e74bf14-25a9-4b3c-aab6-16725b77ede3', '3b7a5325-7b97-4eb9-b936-30608efecb28', 4),
('8e74bf14-25a9-4b3c-aab6-16725b77ede3', 'ae7f5364-c8f8-431e-ba3b-319142ce3548', 5),
('8e74bf14-25a9-4b3c-aab6-16725b77ede3', 'd6e836d7-c227-45ff-b378-42e7fb9494d6', 6),
('8e74bf14-25a9-4b3c-aab6-16725b77ede3', 'a1daf306-0d0f-4f12-a543-51cc5088099e', 7),
('8e74bf14-25a9-4b3c-aab6-16725b77ede3', 'ec49c5dc-04e9-4be5-b213-5da28820dfb8', 8),
('8e74bf14-25a9-4b3c-aab6-16725b77ede3', '446ba4d7-0c75-4da8-b930-67e611896235', 9),
('8e74bf14-25a9-4b3c-aab6-16725b77ede3', 'f64429fc-a353-41c6-9d15-75f5a8ad33e7', 10),
('9210269b-3910-4d89-910c-8bf9e49351af', '52df48fb-104c-4434-bfec-1d25215a8569', 1),
('9210269b-3910-4d89-910c-8bf9e49351af', '094245e1-7b55-4b20-8ecc-2089b5b535bd', 2),
('9210269b-3910-4d89-910c-8bf9e49351af', 'f76400c4-436e-483f-b9d0-214591034ba2', 3),
('9210269b-3910-4d89-910c-8bf9e49351af', '58260112-8759-4173-8bf3-22437b5ec181', 4),
('9210269b-3910-4d89-910c-8bf9e49351af', '1150e405-0394-40a2-b1d0-22b1a2cdc7bd', 5),
('173a59f0-1779-4486-9c43-c655c28e24d5', 'acf93548-ab56-4d5a-918b-f320ddd8dd89', 1),
('173a59f0-1779-4486-9c43-c655c28e24d5', 'd1d424c9-2af9-4776-857a-3e70a80885b7', 2),
('173a59f0-1779-4486-9c43-c655c28e24d5', '0a6819a6-6ce0-4924-814d-8762f618185b', 3),
('173a59f0-1779-4486-9c43-c655c28e24d5', 'd69ff928-d8db-433b-b3b2-12465cb7f199', 4),
('173a59f0-1779-4486-9c43-c655c28e24d5', '1bdbe8d6-814e-47bf-801b-47628eae03ca', 5),
('173a59f0-1779-4486-9c43-c655c28e24d5', 'b75dca68-96eb-4f2b-bb06-f8e5a9fc2463', 6),
('173a59f0-1779-4486-9c43-c655c28e24d5', 'ed58d0b0-baaf-499c-a141-0cfb61a4cf6d', 7),
('173a59f0-1779-4486-9c43-c655c28e24d5', '2d7cbcc6-076b-4950-8abd-288a6ac986d0', 8),
('af816865-1cc5-4a6e-adf3-97eefac8bc12', 'ed58d0b0-baaf-499c-a141-0cfb61a4cf6d', 1),
('af816865-1cc5-4a6e-adf3-97eefac8bc12', 'd69ff928-d8db-433b-b3b2-12465cb7f199', 2),
('af816865-1cc5-4a6e-adf3-97eefac8bc12', '2d7cbcc6-076b-4950-8abd-288a6ac986d0', 3),
('af816865-1cc5-4a6e-adf3-97eefac8bc12', 'd1d424c9-2af9-4776-857a-3e70a80885b7', 4),
('af816865-1cc5-4a6e-adf3-97eefac8bc12', '1bdbe8d6-814e-47bf-801b-47628eae03ca', 5),
('af816865-1cc5-4a6e-adf3-97eefac8bc12', '0a6819a6-6ce0-4924-814d-8762f618185b', 6),
('af816865-1cc5-4a6e-adf3-97eefac8bc12', 'acf93548-ab56-4d5a-918b-f320ddd8dd89', 7),
('af816865-1cc5-4a6e-adf3-97eefac8bc12', 'b75dca68-96eb-4f2b-bb06-f8e5a9fc2463', 8),
('c80eea36-0a6d-4842-8e3c-db56c44fc882', 'ed58d0b0-baaf-499c-a141-0cfb61a4cf6d', 1),
('c80eea36-0a6d-4842-8e3c-db56c44fc882', 'd69ff928-d8db-433b-b3b2-12465cb7f199', 2),
('c80eea36-0a6d-4842-8e3c-db56c44fc882', '2d7cbcc6-076b-4950-8abd-288a6ac986d0', 3),
('c80eea36-0a6d-4842-8e3c-db56c44fc882', 'd1d424c9-2af9-4776-857a-3e70a80885b7', 4),
('c80eea36-0a6d-4842-8e3c-db56c44fc882', '1bdbe8d6-814e-47bf-801b-47628eae03ca', 5),
('c80eea36-0a6d-4842-8e3c-db56c44fc882', '0a6819a6-6ce0-4924-814d-8762f618185b', 6),
('c80eea36-0a6d-4842-8e3c-db56c44fc882', 'acf93548-ab56-4d5a-918b-f320ddd8dd89', 7),
('c80eea36-0a6d-4842-8e3c-db56c44fc882', 'b75dca68-96eb-4f2b-bb06-f8e5a9fc2463', 8),
('c80eea36-0a6d-4842-8e3c-db56c44fc882', '283cfc75-9583-4a19-be33-872730bf1544', 9),
('c80eea36-0a6d-4842-8e3c-db56c44fc882', '9ad92235-37c4-4e95-9e9e-b71d976cc9da', 10),
('1eebff72-6f06-4ac6-8179-1dcf28f51a7c', 'c959bec9-14c6-4410-870b-d8635df194b3', 3),
('1eebff72-6f06-4ac6-8179-1dcf28f51a7c', 'b46256af-2bef-4ebd-b0a6-c68271c7e4c4', 4),
('1eebff72-6f06-4ac6-8179-1dcf28f51a7c', '6ffbb722-e5c1-4518-9b32-ac39ef30413e', 5),
('6397284a-8fad-4e9d-a920-f10501682eae', '6ffbb722-e5c1-4518-9b32-ac39ef30413e', 1),
('6397284a-8fad-4e9d-a920-f10501682eae', 'c959bec9-14c6-4410-870b-d8635df194b3', 2),
('6397284a-8fad-4e9d-a920-f10501682eae', 'b46256af-2bef-4ebd-b0a6-c68271c7e4c4', 3),
('6397284a-8fad-4e9d-a920-f10501682eae', 'dfd68f7b-e41a-4e22-abed-be3024fe8462', 4),
('6397284a-8fad-4e9d-a920-f10501682eae', '1c261207-3e3b-4be2-b00d-ed72ac545e6f', 5),
('6397284a-8fad-4e9d-a920-f10501682eae', 'fc0db475-b31b-4071-b5f3-ffafbf97bae1', 6),
('6397284a-8fad-4e9d-a920-f10501682eae', '81efcf7f-1a59-4492-8fda-a87d23d225b2', 7),
('6397284a-8fad-4e9d-a920-f10501682eae', 'f7354cd2-60d4-4ad8-8f65-74168f2984c6', 8),
('6397284a-8fad-4e9d-a920-f10501682eae', 'ec90458e-6a30-4d1f-8669-56259e48c92c', 9),
('6397284a-8fad-4e9d-a920-f10501682eae', 'e2b692c8-62cd-4388-89bf-5df8cd404f1a', 10),
('8e74bf14-25a9-4b3c-aab6-16725b77ede3', 'c0c5e120-7f4c-4476-9293-047bdcbfdadc', 2);

INSERT INTO baiLamKiemTra ("ma_baiLamKiemTra", "ma_taiKhoan", "ma_deKiemTra", "diem", "thoiGianBatDauLam","thoiGianNopBai", "nopTre", "soCauDung") VALUES 
('40afdaac-b544-4979-98aa-0c965dc85681', '1b0e8e50-b3d1-48dd-aa5b-f16ad1413eaf', 'c1c9ea82-8310-49dc-b26e-f87a2344da78', 0,'2023-01-01 08:00:00', '2023-01-01 12:00:00' , 0, 0),
('f7791390-c0d8-41bd-91ac-18c11873d40f', '1602102f-60f2-4b87-8992-6070fb969516', 'b4d85032-7f85-4f83-aba7-acefcaa9fb1d', 7,'2023-01-02 09:30:00', '2023-01-02 15:45:00' , 0, 7),
('818dad66-76be-40ff-8fdd-1e477cfeec93', '2493643f-576b-4bea-ad12-3ffa3558eb3e', 'c1c9ea82-8310-49dc-b26e-f87a2344da78', 0,'2023-01-03 10:15:00', '2023-01-03 13:30:00' , 0, 0),
('24e0517c-5038-430a-a4c8-1fbfefba53ec', 'a212200e-f8f3-4a38-91aa-9e812a878ba5', 'c1c9ea82-8310-49dc-b26e-f87a2344da78', 10,'2023-01-04 11:00:00', '2023-01-04 16:00:00' , 0, 5),
('f0825c2e-b89d-4fe3-8fbb-219ea02cb738', '1cfa4d8e-5f63-45f6-9cc9-b1ecae2c14f9', '1f7ec9da-660a-4242-841c-4a3e7f78b83f', 4,'2023-01-05 08:45:00', '2023-01-05 14:20:00' , 0, 4),
('dde03e3c-c917-42b0-8a20-24796ba3f99a', '50d02114-26d4-402c-a2d4-7b1138437ac4', 'c1c9ea82-8310-49dc-b26e-f87a2344da78', 6,'2023-01-06 09:20:00', '2023-01-06 12:50:00' , 0, 3),
('a0023139-dc2c-45d5-9357-24a3265afa06', 'f321de5e-7e2b-4d1a-8737-6ea51bfe65b8', 'c1c9ea82-8310-49dc-b26e-f87a2344da78', 10,'2023-01-07 10:30:00', '2023-01-07 15:15:00' , 0, 5),
('8a4524b4-be47-4e80-a8d6-2c043c79d440', '6b157e9a-4f74-4ee8-a893-06bc950f4272', 'b4d85032-7f85-4f83-aba7-acefcaa9fb1d', 7,'2023-01-08 11:15:00', '2023-01-08 17:00:00' , 0, 7),
('52b6587f-c0d4-4669-8de7-38f0e16ce463', '58824edd-2ce6-46e8-97f3-8ca6970d8cbf', '4418cc81-45d2-4fd3-a520-6f9b01245033', 3,'2023-01-09 08:30:00', '2023-01-09 13:45:00' , 0, 3),
('fc415417-4d2d-437a-a842-3d78e10b4786', '3f95e534-5d43-49b4-bc76-d43f8461976b', 'c1c9ea82-8310-49dc-b26e-f87a2344da78', 6,'2023-01-10 09:00:00', '2023-01-10 12:30:00' , 0, 3),
('e2541f52-8458-4167-9115-3e5883712417', '1cfa4d8e-5f63-45f6-9cc9-b1ecae2c14f9', 'f37d2a0c-4b95-433e-a308-4154603e89fd', 6,'2023-01-11 08:15:00', '2023-01-11 13:00:00' , 0, 3),
('26ea5855-9196-47c6-827c-48ce227128f2', '58824edd-2ce6-46e8-97f3-8ca6970d8cbf', '9210269b-3910-4d89-910c-8bf9e49351af', 8,'2023-01-12 09:30:00', '2023-01-12 14:45:00' , 0, 4),
('cd8cca04-ad69-4650-8c0e-4950844d1e35', '1b0e8e50-b3d1-48dd-aa5b-f16ad1413eaf', 'b4d85032-7f85-4f83-aba7-acefcaa9fb1d', 10,'2023-01-13 10:45:00', '2023-01-13 15:30:00' , 0, 10),
('01591eec-ca5e-4026-8ea6-4b899aec4a25', '4f9fd63a-c80a-493f-b229-3cc83acd7b4b', 'c1c9ea82-8310-49dc-b26e-f87a2344da78', 8,'2023-01-14 11:00:00', '2023-01-14 16:20:00' , 0, 4),
('32215bf5-f76e-40e7-9427-52770c47f968', 'c3ca9950-65cb-47ee-b0a3-7796ef23d839', 'c1c9ea82-8310-49dc-b26e-f87a2344da78', 6,'2023-01-15 08:30:00', '2023-01-15 12:45:00' , 0, 3),
('1ccc3521-c6a5-4ac4-94e3-5428d014733c', '8f960ffb-a014-4c52-905c-a6820bd846fe', 'c1c9ea82-8310-49dc-b26e-f87a2344da78', 2,'2023-01-16 09:20:00', '2023-01-16 13:10:00' , 0, 1),
('777062cf-e825-4c56-9f72-5a5055b82d2f', '58824edd-2ce6-46e8-97f3-8ca6970d8cbf', 'cb57ce47-f684-472a-a5be-7b0da919f8bd', 0,'2023-01-17 10:00:00', '2023-01-17 15:30:00' , 0, 0),
('4734715d-35c4-4d4e-a9d4-65e859118c3b', '58824edd-2ce6-46e8-97f3-8ca6970d8cbf', '8e74bf14-25a9-4b3c-aab6-16725b77ede3', 2,'2023-01-18 11:45:00', '2023-01-18 16:15:00' , 0, 2),
('63f0766e-42c2-421a-afca-6801a20dcb69', '1602102f-60f2-4b87-8992-6070fb969516', 'c1c9ea82-8310-49dc-b26e-f87a2344da78', 6,'2023-01-19 08:00:00', '2023-01-19 12:30:00' , 0, 3),
('982689fd-f6c2-4cb5-ac79-6bfa2353f7e6', '1cfa4d8e-5f63-45f6-9cc9-b1ecae2c14f9', 'cb57ce47-f684-472a-a5be-7b0da919f8bd', 0,'2023-01-20 09:15:00', '2023-01-20 14:00:00' , 0, 0),
('95d83b7e-1540-46ff-ab6c-6dde7d43df9c', '58824edd-2ce6-46e8-97f3-8ca6970d8cbf', '6754a0e7-80de-41e6-9d3a-7f854fda8cb5', 7.5,'2023-01-21 10:30:00', '2023-01-21 15:45:00' , 1, 10),
('0bcffbd6-3de9-4c58-9309-7cf2afd724ec', 'b97d9a96-1ee8-47a1-a31a-a27c918efa9c', 'c1c9ea82-8310-49dc-b26e-f87a2344da78', 8,'2023-01-22 11:20:00', '2023-01-22 16:30:00' , 0, 4),
('00c6320f-15d4-44f7-8794-7cf67d2ab387', '6e4d81dd-f28e-4f31-a49e-ca51134db3aa', 'c1c9ea82-8310-49dc-b26e-f87a2344da78', 10,'2023-01-23 08:45:00', '2023-01-23 13:20:00' , 0, 5),
('4981e309-9006-4cab-9af7-83d999cffa0a', '58824edd-2ce6-46e8-97f3-8ca6970d8cbf', '78e2cf6a-4162-4433-92ce-6e12fbb35c69', 8,'2023-01-24 09:00:00', '2023-01-24 12:45:00' , 1, 4),
('2a024ac3-3597-46f8-96af-854fec8c7c33', '58824edd-2ce6-46e8-97f3-8ca6970d8cbf', 'a0a7e3b4-fd3d-4d23-9297-bc1e7e2aa606', 3.75,'2023-01-25 10:15:00', '2023-01-25 14:30:00' , 1, 3),
('29006826-7181-4e8d-8df6-8743705d1684', '1b0e8e50-b3d1-48dd-aa5b-f16ad1413eaf', '78e2cf6a-4162-4433-92ce-6e12fbb35c69', 4,'2023-01-26 11:30:00', '2023-01-26 16:00:00' , 1, 2),
('191bc176-e5e4-44d3-b819-897e6c68a990', '778a38a9-f8bb-4a68-85b7-58343d9042bb', 'c1c9ea82-8310-49dc-b26e-f87a2344da78', 8,'2023-01-27 08:30:00', '2023-01-27 12:15:00' , 0, 4),
('39c1141d-8bcd-45ef-acf8-8aa587b2a00c', '17593a02-3763-4b70-9454-d71c3af0bd19', 'a0a7e3b4-fd3d-4d23-9297-bc1e7e2aa606', 2.5,'2023-01-28 09:40:00', '2023-01-28 14:20:00' , 1, 2),
('7b337b39-dcdd-4d04-b3c4-9475346e05df', '58824edd-2ce6-46e8-97f3-8ca6970d8cbf', 'b4d85032-7f85-4f83-aba7-acefcaa9fb1d', 5,'2023-01-29 10:50:00', '2023-01-29 15:45:00' , 0, 5),
('dbcba1f3-7c7b-4c87-917e-9aa7c085ae4b', 'f321de5e-7e2b-4d1a-8737-6ea51bfe65b8', 'b4d85032-7f85-4f83-aba7-acefcaa9fb1d', 6,'2023-01-30 11:15:00', '2023-01-30 16:30:00' , 0, 6),
('7b1a889c-bd87-44bf-a50f-9bfbca945e8c', '1cfa4d8e-5f63-45f6-9cc9-b1ecae2c14f9', 'c80eea36-0a6d-4842-8e3c-db56c44fc882', 4,'2023-01-31 08:15:00', '2023-01-31 12:45:00' , 0, 4),
('ede17619-b11b-41b4-9d45-9d7dda5c5c80', '68f56e53-ebe9-484f-87cf-a4ca8dbd89f0', 'c1c9ea82-8310-49dc-b26e-f87a2344da78', 8,'2023-02-01 09:30:00', '2023-02-01 14:00:00' , 0, 4),
('5b07df0e-9fd9-4764-9e1e-a88608f5c5b2', '38093222-d622-415e-9d0d-96d5982a6e69', 'c1c9ea82-8310-49dc-b26e-f87a2344da78', 8,'2023-02-02 10:45:00', '2023-02-02 15:30:00' , 0, 4),
('6a7df303-2a85-42c7-b6d2-ae9600b08dd0', '17593a02-3763-4b70-9454-d71c3af0bd19', 'c1c9ea82-8310-49dc-b26e-f87a2344da78', 6,'2023-02-03 11:00:00', '2023-02-03 16:20:00' , 0, 3),
('2e0e1e11-25cf-4408-9697-b6e6a3c2079e', '6fc1b3a5-92ea-455e-abe4-e8c6394dd0aa', 'c1c9ea82-8310-49dc-b26e-f87a2344da78', 4,'2023-02-04 08:30:00', '2023-02-04 12:45:00' , 0, 2),
('78df67c5-b3c9-46a4-9231-b9adb6d62d8a', '17593a02-3763-4b70-9454-d71c3af0bd19', 'b4d85032-7f85-4f83-aba7-acefcaa9fb1d', 5,'2023-02-05 09:20:00', '2023-02-05 13:10:00' , 0, 5),
('c4c0b3cb-b076-4234-aab8-bb131da0cd79', '1cfa4d8e-5f63-45f6-9cc9-b1ecae2c14f9', 'af816865-1cc5-4a6e-adf3-97eefac8bc12', 5,'2023-02-06 10:00:00', '2023-02-06 15:30:00' , 0, 4),
('91546f28-94fa-42fc-a09e-bb7b1e2f6120', '1cfa4d8e-5f63-45f6-9cc9-b1ecae2c14f9', '6397284a-8fad-4e9d-a920-f10501682eae', 10,'2023-02-07 11:45:00', '2023-02-07 16:15:00' , 0, 10),
('f4cce2f6-e44f-4031-b8c9-c0c064573e5f', '6b157e9a-4f74-4ee8-a893-06bc950f4272', 'c1c9ea82-8310-49dc-b26e-f87a2344da78', 2,'2023-02-08 08:00:00', '2023-02-08 12:30:00' , 0, 1),
('7c5c62ad-32a8-4246-94b7-ca75d5cbe305', 'c22219ca-9bbd-4098-b2f7-f4e526096fbf', 'c1c9ea82-8310-49dc-b26e-f87a2344da78', 4,'2023-02-09 09:15:00', '2023-02-09 14:00:00' , 0, 2),
('ef3c98ca-0611-4ae6-ae76-d684f56cfbb1', 'bb3cda85-8fe3-4894-9e4e-4083a2f38319', 'c1c9ea82-8310-49dc-b26e-f87a2344da78', 2,'2023-02-10 10:30:00', '2023-02-10 15:45:00' , 0, 1),
('d7b68749-12fb-40b1-a073-e48bdf149624', '1cfa4d8e-5f63-45f6-9cc9-b1ecae2c14f9', '1eebff72-6f06-4ac6-8179-1dcf28f51a7c', 4,'2023-02-11 11:20:00', '2023-02-11 16:30:00' , 0, 2),
('483b3c53-ec7e-4de7-9beb-e4eb28ebee83', '17593a02-3763-4b70-9454-d71c3af0bd19', '78e2cf6a-4162-4433-92ce-6e12fbb35c69', 6,'2023-02-12 08:45:00', '2023-02-12 13:20:00' , 0, 3),
('0fd3a5bd-7e8b-4465-8c4d-e6edca9923ac', '58824edd-2ce6-46e8-97f3-8ca6970d8cbf', '3e1dc6e0-2d97-4254-b1fb-2dd14dedcf1a', 5,'2023-02-13 09:00:00', '2023-02-13 12:45:00' , 1, 5),
('4d9bc226-705f-47be-a11d-f4f9aff711e6', 'f636f7b6-4fef-4b87-bc80-b9b275795b1d', 'c1c9ea82-8310-49dc-b26e-f87a2344da78', 4,'2023-02-14 10:15:00', '2023-02-14 14:30:00' , 0, 2),
('cbdfcdb3-de98-4a0f-889a-fb75601d3efa', '58824edd-2ce6-46e8-97f3-8ca6970d8cbf', 'c1c9ea82-8310-49dc-b26e-f87a2344da78', 10,'2023-02-15 11:30:00', '2023-02-15 16:00:00' , 1, 5),
('ccf0f0de-dc06-4cec-bc69-fbe5117c2815', 'ec6a1b6e-ae4e-45d6-b554-60ff0179fba7', 'c1c9ea82-8310-49dc-b26e-f87a2344da78', 4,'2023-02-16 08:30:00', '2023-02-16 12:15:00' , 0, 2);


INSERT INTO chiTietBaiLamKiemTra ("ma_baiLamKiemTra", "ma_cauHoi", "ma_dapAnChon", "thuTu") VALUES
('483b3c53-ec7e-4de7-9beb-e4eb28ebee83', 'f76400c4-436e-483f-b9d0-214591034ba2', '9f1d4040-c7ba-45b9-85b4-2d6b0bc2e710', 1),
('483b3c53-ec7e-4de7-9beb-e4eb28ebee83', '2f7f3fac-aa1f-4135-bbed-53a1609e4d62', '5522c3dc-98bd-4312-8ae5-41acf12a2277', 2),
('483b3c53-ec7e-4de7-9beb-e4eb28ebee83', '914c944e-ab60-4167-825c-6a1e549820a4', '2b97a6b4-70a6-4817-9513-85646fe07f6a', 3),
('483b3c53-ec7e-4de7-9beb-e4eb28ebee83', '10714ef8-e0d8-4ffc-829c-82d5ab7fd6f9', 'f1242bd3-978d-445f-8c71-3bfbd1b641bf', 4),
('483b3c53-ec7e-4de7-9beb-e4eb28ebee83', '9b541f67-0815-4539-a890-acad6ab0f9fb', '0933fb1d-3976-4d0a-b9fe-30234fa797b1', 5),
('4981e309-9006-4cab-9af7-83d999cffa0a', 'f76400c4-436e-483f-b9d0-214591034ba2', '9f1d4040-c7ba-45b9-85b4-2d6b0bc2e710', 1),
('4981e309-9006-4cab-9af7-83d999cffa0a', '2f7f3fac-aa1f-4135-bbed-53a1609e4d62', '5522c3dc-98bd-4312-8ae5-41acf12a2277', 2),
('4981e309-9006-4cab-9af7-83d999cffa0a', '914c944e-ab60-4167-825c-6a1e549820a4', '1ce35967-7a12-43a2-8e5b-76e3fcac3e2d', 3),
('4981e309-9006-4cab-9af7-83d999cffa0a', '10714ef8-e0d8-4ffc-829c-82d5ab7fd6f9', 'f1242bd3-978d-445f-8c71-3bfbd1b641bf', 4),
('4981e309-9006-4cab-9af7-83d999cffa0a', '9b541f67-0815-4539-a890-acad6ab0f9fb', '0933fb1d-3976-4d0a-b9fe-30234fa797b1', 5),
('7b337b39-dcdd-4d04-b3c4-9475346e05df', '3637b505-eb79-4510-9029-c7b5739c5dc2', '13a05faf-b887-41b7-aec4-35b48967cb9d', 1),
('7b337b39-dcdd-4d04-b3c4-9475346e05df', '9b541f67-0815-4539-a890-acad6ab0f9fb', 'cfd72e7b-37eb-400e-a2fe-5ba2e5374a29', 2),
('7b337b39-dcdd-4d04-b3c4-9475346e05df', '10714ef8-e0d8-4ffc-829c-82d5ab7fd6f9', '9c5e3371-25d8-40df-8b36-73e5a7306634', 3),
('7b337b39-dcdd-4d04-b3c4-9475346e05df', '914c944e-ab60-4167-825c-6a1e549820a4', '1ce35967-7a12-43a2-8e5b-76e3fcac3e2d', 4),
('7b337b39-dcdd-4d04-b3c4-9475346e05df', 'dc731eb1-bdf2-4a41-96d2-66ba74a2c4f3', '8f7f797c-4ed9-4b84-ae77-0ebc02f98bd7', 5),
('6a7df303-2a85-42c7-b6d2-ae9600b08dd0', '58260112-8759-4173-8bf3-22437b5ec181', '490d50d7-06bb-4528-bf54-afc08de67f3c', 1),
('6a7df303-2a85-42c7-b6d2-ae9600b08dd0', '1150e405-0394-40a2-b1d0-22b1a2cdc7bd', '8be4fb29-e598-4ab9-98f6-1e84e1192af1', 2),
('6a7df303-2a85-42c7-b6d2-ae9600b08dd0', '6bf8c500-148a-44d2-b811-5f94da6c2813', 'e93a3d7a-fa7f-447a-809a-76dcdc7a9271', 3),
('6a7df303-2a85-42c7-b6d2-ae9600b08dd0', 'dc731eb1-bdf2-4a41-96d2-66ba74a2c4f3', '5cc6d81e-bdaa-4829-a1b0-4a6678f0e7c0', 4),
('6a7df303-2a85-42c7-b6d2-ae9600b08dd0', '3637b505-eb79-4510-9029-c7b5739c5dc2', '13a05faf-b887-41b7-aec4-35b48967cb9d', 5),
('f4cce2f6-e44f-4031-b8c9-c0c064573e5f', '58260112-8759-4173-8bf3-22437b5ec181', '63d1b4b9-8a19-47d0-803b-26f5f8feb083', 1),
('f4cce2f6-e44f-4031-b8c9-c0c064573e5f', '1150e405-0394-40a2-b1d0-22b1a2cdc7bd', 'f1822b84-c5dc-434d-acb1-0bb63f0ac9a0', 2),
('f4cce2f6-e44f-4031-b8c9-c0c064573e5f', '6bf8c500-148a-44d2-b811-5f94da6c2813', '1ba9f0a7-a80a-4eac-a028-cfe389abbcf2', 3),
('f4cce2f6-e44f-4031-b8c9-c0c064573e5f', 'dc731eb1-bdf2-4a41-96d2-66ba74a2c4f3', 'df80933c-7e91-42f5-bd65-f0dfd51a4f89', 4),
('f4cce2f6-e44f-4031-b8c9-c0c064573e5f', '3637b505-eb79-4510-9029-c7b5739c5dc2', '84b9610c-7407-42f9-9b9c-5395cf3afc21', 5),
('40afdaac-b544-4979-98aa-0c965dc85681', '58260112-8759-4173-8bf3-22437b5ec181', '44d10459-b64c-4b05-883e-89bc2cfd214b', 1),
('818dad66-76be-40ff-8fdd-1e477cfeec93', '58260112-8759-4173-8bf3-22437b5ec181', 'a1c2a9e9-01f7-4760-b565-adc132f87577', 1),
('24e0517c-5038-430a-a4c8-1fbfefba53ec', '58260112-8759-4173-8bf3-22437b5ec181', '63d1b4b9-8a19-47d0-803b-26f5f8feb083', 1),
('95d83b7e-1540-46ff-ab6c-6dde7d43df9c', 'f76400c4-436e-483f-b9d0-214591034ba2', '9f1d4040-c7ba-45b9-85b4-2d6b0bc2e710', 1),
('a0023139-dc2c-45d5-9357-24a3265afa06', '58260112-8759-4173-8bf3-22437b5ec181', '63d1b4b9-8a19-47d0-803b-26f5f8feb083', 1),
('95d83b7e-1540-46ff-ab6c-6dde7d43df9c', '58260112-8759-4173-8bf3-22437b5ec181', '63d1b4b9-8a19-47d0-803b-26f5f8feb083', 2),
('01591eec-ca5e-4026-8ea6-4b899aec4a25', '58260112-8759-4173-8bf3-22437b5ec181', 'a1c2a9e9-01f7-4760-b565-adc132f87577', 1),
('32215bf5-f76e-40e7-9427-52770c47f968', '58260112-8759-4173-8bf3-22437b5ec181', '63d1b4b9-8a19-47d0-803b-26f5f8feb083', 1),
('95d83b7e-1540-46ff-ab6c-6dde7d43df9c', '1150e405-0394-40a2-b1d0-22b1a2cdc7bd', '8be4fb29-e598-4ab9-98f6-1e84e1192af1', 3),
('63f0766e-42c2-421a-afca-6801a20dcb69', '58260112-8759-4173-8bf3-22437b5ec181', '490d50d7-06bb-4528-bf54-afc08de67f3c', 1),
('95d83b7e-1540-46ff-ab6c-6dde7d43df9c', '2f7f3fac-aa1f-4135-bbed-53a1609e4d62', '5522c3dc-98bd-4312-8ae5-41acf12a2277', 4),
('00c6320f-15d4-44f7-8794-7cf67d2ab387', '58260112-8759-4173-8bf3-22437b5ec181', '63d1b4b9-8a19-47d0-803b-26f5f8feb083', 1),
('95d83b7e-1540-46ff-ab6c-6dde7d43df9c', '6bf8c500-148a-44d2-b811-5f94da6c2813', 'e93a3d7a-fa7f-447a-809a-76dcdc7a9271', 5),
('95d83b7e-1540-46ff-ab6c-6dde7d43df9c', 'dc731eb1-bdf2-4a41-96d2-66ba74a2c4f3', '8f7f797c-4ed9-4b84-ae77-0ebc02f98bd7', 6),
('5b07df0e-9fd9-4764-9e1e-a88608f5c5b2', '58260112-8759-4173-8bf3-22437b5ec181', '63d1b4b9-8a19-47d0-803b-26f5f8feb083', 1),
('2e0e1e11-25cf-4408-9697-b6e6a3c2079e', '58260112-8759-4173-8bf3-22437b5ec181', '63d1b4b9-8a19-47d0-803b-26f5f8feb083', 1),
('7c5c62ad-32a8-4246-94b7-ca75d5cbe305', '58260112-8759-4173-8bf3-22437b5ec181', '63d1b4b9-8a19-47d0-803b-26f5f8feb083', 1),
('95d83b7e-1540-46ff-ab6c-6dde7d43df9c', '914c944e-ab60-4167-825c-6a1e549820a4', '1ce35967-7a12-43a2-8e5b-76e3fcac3e2d', 7),
('95d83b7e-1540-46ff-ab6c-6dde7d43df9c', '10714ef8-e0d8-4ffc-829c-82d5ab7fd6f9', 'f1242bd3-978d-445f-8c71-3bfbd1b641bf', 8),
('95d83b7e-1540-46ff-ab6c-6dde7d43df9c', '9b541f67-0815-4539-a890-acad6ab0f9fb', 'ed2d7782-d210-409d-b84a-b1de63983db4', 9),
('95d83b7e-1540-46ff-ab6c-6dde7d43df9c', '3637b505-eb79-4510-9029-c7b5739c5dc2', '13a05faf-b887-41b7-aec4-35b48967cb9d', 10),
('2a024ac3-3597-46f8-96af-854fec8c7c33', '52df48fb-104c-4434-bfec-1d25215a8569', '6dc71436-e2ba-4292-9724-073a4a2c8a67', 1),
('2a024ac3-3597-46f8-96af-854fec8c7c33', '73beb70d-0cfb-499a-80ad-3edfc7b9025e', '31eee902-f89b-4ef9-b5eb-6e4bfbf8552e', 2),
('dde03e3c-c917-42b0-8a20-24796ba3f99a', '1150e405-0394-40a2-b1d0-22b1a2cdc7bd', '8be4fb29-e598-4ab9-98f6-1e84e1192af1', 2),
('2a024ac3-3597-46f8-96af-854fec8c7c33', '094245e1-7b55-4b20-8ecc-2089b5b535bd', '0dc8de96-c2b7-455d-9f54-6c35afc14e6f', 3),
('fc415417-4d2d-437a-a842-3d78e10b4786', '1150e405-0394-40a2-b1d0-22b1a2cdc7bd', '8be4fb29-e598-4ab9-98f6-1e84e1192af1', 2),
('01591eec-ca5e-4026-8ea6-4b899aec4a25', '1150e405-0394-40a2-b1d0-22b1a2cdc7bd', '8be4fb29-e598-4ab9-98f6-1e84e1192af1', 2),
('2a024ac3-3597-46f8-96af-854fec8c7c33', 'b9733986-a6ea-4051-9c05-46092fb5457e', 'd9c72cee-224a-4303-bac6-a76b2c9d827c', 4),
('1ccc3521-c6a5-4ac4-94e3-5428d014733c', '1150e405-0394-40a2-b1d0-22b1a2cdc7bd', '8be4fb29-e598-4ab9-98f6-1e84e1192af1', 2),
('39c1141d-8bcd-45ef-acf8-8aa587b2a00c', '52df48fb-104c-4434-bfec-1d25215a8569', '6dc71436-e2ba-4292-9724-073a4a2c8a67', 1),
('0bcffbd6-3de9-4c58-9309-7cf2afd724ec', '1150e405-0394-40a2-b1d0-22b1a2cdc7bd', '8be4fb29-e598-4ab9-98f6-1e84e1192af1', 2),
('39c1141d-8bcd-45ef-acf8-8aa587b2a00c', '73beb70d-0cfb-499a-80ad-3edfc7b9025e', '31eee902-f89b-4ef9-b5eb-6e4bfbf8552e', 2),
('191bc176-e5e4-44d3-b819-897e6c68a990', '1150e405-0394-40a2-b1d0-22b1a2cdc7bd', '8be4fb29-e598-4ab9-98f6-1e84e1192af1', 2),
('ede17619-b11b-41b4-9d45-9d7dda5c5c80', '1150e405-0394-40a2-b1d0-22b1a2cdc7bd', '8be4fb29-e598-4ab9-98f6-1e84e1192af1', 2),
('39c1141d-8bcd-45ef-acf8-8aa587b2a00c', '094245e1-7b55-4b20-8ecc-2089b5b535bd', '2da3c10e-78e5-4e6d-91da-63db49c81d58', 3),
('39c1141d-8bcd-45ef-acf8-8aa587b2a00c', 'b9733986-a6ea-4051-9c05-46092fb5457e', 'd9c72cee-224a-4303-bac6-a76b2c9d827c', 4),
('e2541f52-8458-4167-9115-3e5883712417', 'e9e7173c-b205-4cd6-bcd1-13754d094a5c', 'dcc841ab-c5bd-4f9e-a005-bf15313c4175', 1),
('ef3c98ca-0611-4ae6-ae76-d684f56cfbb1', '1150e405-0394-40a2-b1d0-22b1a2cdc7bd', 'f1822b84-c5dc-434d-acb1-0bb63f0ac9a0', 2),
('4d9bc226-705f-47be-a11d-f4f9aff711e6', '1150e405-0394-40a2-b1d0-22b1a2cdc7bd', '8be4fb29-e598-4ab9-98f6-1e84e1192af1', 2),
('ccf0f0de-dc06-4cec-bc69-fbe5117c2815', '1150e405-0394-40a2-b1d0-22b1a2cdc7bd', '8be4fb29-e598-4ab9-98f6-1e84e1192af1', 2),
('40afdaac-b544-4979-98aa-0c965dc85681', '6bf8c500-148a-44d2-b811-5f94da6c2813', 'c7a7ba01-aabb-45a6-98cd-86b7c541e522', 3),
('818dad66-76be-40ff-8fdd-1e477cfeec93', '6bf8c500-148a-44d2-b811-5f94da6c2813', '1ba9f0a7-a80a-4eac-a028-cfe389abbcf2', 3),
('24e0517c-5038-430a-a4c8-1fbfefba53ec', '6bf8c500-148a-44d2-b811-5f94da6c2813', 'e93a3d7a-fa7f-447a-809a-76dcdc7a9271', 3),
('e2541f52-8458-4167-9115-3e5883712417', 'a1daf306-0d0f-4f12-a543-51cc5088099e', 'f1cefc45-e48c-4a0e-ad31-ce90cf01e11f', 2),
('a0023139-dc2c-45d5-9357-24a3265afa06', '6bf8c500-148a-44d2-b811-5f94da6c2813', 'e93a3d7a-fa7f-447a-809a-76dcdc7a9271', 3),
('e2541f52-8458-4167-9115-3e5883712417', '6b6c7489-cd33-4a69-96c3-97711222018a', '71342e01-f534-485b-87de-ad740fe7fa65', 3),
('01591eec-ca5e-4026-8ea6-4b899aec4a25', '6bf8c500-148a-44d2-b811-5f94da6c2813', 'e93a3d7a-fa7f-447a-809a-76dcdc7a9271', 3),
('32215bf5-f76e-40e7-9427-52770c47f968', '6bf8c500-148a-44d2-b811-5f94da6c2813', 'e93a3d7a-fa7f-447a-809a-76dcdc7a9271', 3),
('e2541f52-8458-4167-9115-3e5883712417', 'c7e51c94-bc0d-46bb-91dd-8d6857b14cdb', 'ab10bfc3-0d17-4040-91f8-bf83f2268071', 4),
('63f0766e-42c2-421a-afca-6801a20dcb69', '6bf8c500-148a-44d2-b811-5f94da6c2813', 'e93a3d7a-fa7f-447a-809a-76dcdc7a9271', 3),
('e2541f52-8458-4167-9115-3e5883712417', '234db83d-8b1d-40e1-b03e-e07160ab7612', 'fbd00e95-052c-430e-841c-e9a33fa2f6f6', 5),
('00c6320f-15d4-44f7-8794-7cf67d2ab387', '6bf8c500-148a-44d2-b811-5f94da6c2813', 'e93a3d7a-fa7f-447a-809a-76dcdc7a9271', 3),
('982689fd-f6c2-4cb5-ac79-6bfa2353f7e6', '234db83d-8b1d-40e1-b03e-e07160ab7612', '972bd342-34fa-4e19-8978-7a034105f93a', 1),
('982689fd-f6c2-4cb5-ac79-6bfa2353f7e6', '157ed4f4-7ec8-4b36-adff-c051940a0bd3', NULL, 2),
('5b07df0e-9fd9-4764-9e1e-a88608f5c5b2', '6bf8c500-148a-44d2-b811-5f94da6c2813', 'e93a3d7a-fa7f-447a-809a-76dcdc7a9271', 3),
('2e0e1e11-25cf-4408-9697-b6e6a3c2079e', '6bf8c500-148a-44d2-b811-5f94da6c2813', 'c7a7ba01-aabb-45a6-98cd-86b7c541e522', 3),
('7c5c62ad-32a8-4246-94b7-ca75d5cbe305', '6bf8c500-148a-44d2-b811-5f94da6c2813', 'c7a7ba01-aabb-45a6-98cd-86b7c541e522', 3),
('982689fd-f6c2-4cb5-ac79-6bfa2353f7e6', 'bb174e56-5650-4f65-9524-786dfa805701', NULL, 3),
('982689fd-f6c2-4cb5-ac79-6bfa2353f7e6', '9c785eea-a721-4446-90b1-fca105daa590', NULL, 4),
('982689fd-f6c2-4cb5-ac79-6bfa2353f7e6', 'a1daf306-0d0f-4f12-a543-51cc5088099e', NULL, 5),
('982689fd-f6c2-4cb5-ac79-6bfa2353f7e6', '30cc196d-aadc-41da-bdec-e81156d83ac5', NULL, 6),
('982689fd-f6c2-4cb5-ac79-6bfa2353f7e6', 'ae7f5364-c8f8-431e-ba3b-319142ce3548', NULL, 7),
('982689fd-f6c2-4cb5-ac79-6bfa2353f7e6', 'ef8e6273-8d74-4688-94c5-b7d5bedc6b20', NULL, 8),
('dde03e3c-c917-42b0-8a20-24796ba3f99a', 'dc731eb1-bdf2-4a41-96d2-66ba74a2c4f3', '8f7f797c-4ed9-4b84-ae77-0ebc02f98bd7', 4),
('982689fd-f6c2-4cb5-ac79-6bfa2353f7e6', 'e9e7173c-b205-4cd6-bcd1-13754d094a5c', NULL, 9),
('fc415417-4d2d-437a-a842-3d78e10b4786', 'dc731eb1-bdf2-4a41-96d2-66ba74a2c4f3', '5cc6d81e-bdaa-4829-a1b0-4a6678f0e7c0', 4),
('01591eec-ca5e-4026-8ea6-4b899aec4a25', 'dc731eb1-bdf2-4a41-96d2-66ba74a2c4f3', '8f7f797c-4ed9-4b84-ae77-0ebc02f98bd7', 4),
('982689fd-f6c2-4cb5-ac79-6bfa2353f7e6', 'f64429fc-a353-41c6-9d15-75f5a8ad33e7', NULL, 10),
('1ccc3521-c6a5-4ac4-94e3-5428d014733c', 'dc731eb1-bdf2-4a41-96d2-66ba74a2c4f3', 'df80933c-7e91-42f5-bd65-f0dfd51a4f89', 4),
('982689fd-f6c2-4cb5-ac79-6bfa2353f7e6', '446ba4d7-0c75-4da8-b930-67e611896235', NULL, 11),
('0bcffbd6-3de9-4c58-9309-7cf2afd724ec', 'dc731eb1-bdf2-4a41-96d2-66ba74a2c4f3', '8f7f797c-4ed9-4b84-ae77-0ebc02f98bd7', 4),
('982689fd-f6c2-4cb5-ac79-6bfa2353f7e6', 'c0c5e120-7f4c-4476-9293-047bdcbfdadc', NULL, 12),
('191bc176-e5e4-44d3-b819-897e6c68a990', 'dc731eb1-bdf2-4a41-96d2-66ba74a2c4f3', '8f7f797c-4ed9-4b84-ae77-0ebc02f98bd7', 4),
('ede17619-b11b-41b4-9d45-9d7dda5c5c80', 'dc731eb1-bdf2-4a41-96d2-66ba74a2c4f3', '8f7f797c-4ed9-4b84-ae77-0ebc02f98bd7', 4),
('982689fd-f6c2-4cb5-ac79-6bfa2353f7e6', '899b8a50-0c0b-4b6e-b109-d2c10430eb85', NULL, 13),
('982689fd-f6c2-4cb5-ac79-6bfa2353f7e6', 'ec49c5dc-04e9-4be5-b213-5da28820dfb8', NULL, 14),
('982689fd-f6c2-4cb5-ac79-6bfa2353f7e6', '6b6c7489-cd33-4a69-96c3-97711222018a', NULL, 15),
('ef3c98ca-0611-4ae6-ae76-d684f56cfbb1', 'dc731eb1-bdf2-4a41-96d2-66ba74a2c4f3', 'df80933c-7e91-42f5-bd65-f0dfd51a4f89', 4),
('4d9bc226-705f-47be-a11d-f4f9aff711e6', 'dc731eb1-bdf2-4a41-96d2-66ba74a2c4f3', 'df80933c-7e91-42f5-bd65-f0dfd51a4f89', 4),
('ccf0f0de-dc06-4cec-bc69-fbe5117c2815', 'dc731eb1-bdf2-4a41-96d2-66ba74a2c4f3', 'f7607bab-cedc-49b7-8171-6baa442fd425', 4),
('40afdaac-b544-4979-98aa-0c965dc85681', '3637b505-eb79-4510-9029-c7b5739c5dc2', 'cc1b6266-84e0-4bca-8221-2bc38175ecd1', 5),
('818dad66-76be-40ff-8fdd-1e477cfeec93', '3637b505-eb79-4510-9029-c7b5739c5dc2', '84b9610c-7407-42f9-9b9c-5395cf3afc21', 5),
('24e0517c-5038-430a-a4c8-1fbfefba53ec', '3637b505-eb79-4510-9029-c7b5739c5dc2', '13a05faf-b887-41b7-aec4-35b48967cb9d', 5),
('a0023139-dc2c-45d5-9357-24a3265afa06', '3637b505-eb79-4510-9029-c7b5739c5dc2', '13a05faf-b887-41b7-aec4-35b48967cb9d', 5),
('01591eec-ca5e-4026-8ea6-4b899aec4a25', '3637b505-eb79-4510-9029-c7b5739c5dc2', '13a05faf-b887-41b7-aec4-35b48967cb9d', 5),
('32215bf5-f76e-40e7-9427-52770c47f968', '3637b505-eb79-4510-9029-c7b5739c5dc2', 'cc1b6266-84e0-4bca-8221-2bc38175ecd1', 5),
('63f0766e-42c2-421a-afca-6801a20dcb69', '3637b505-eb79-4510-9029-c7b5739c5dc2', '82ed699d-6c7e-499e-b33a-f339fb70110e', 5),
('00c6320f-15d4-44f7-8794-7cf67d2ab387', '3637b505-eb79-4510-9029-c7b5739c5dc2', '13a05faf-b887-41b7-aec4-35b48967cb9d', 5),
('5b07df0e-9fd9-4764-9e1e-a88608f5c5b2', '3637b505-eb79-4510-9029-c7b5739c5dc2', 'cc1b6266-84e0-4bca-8221-2bc38175ecd1', 5),
('2e0e1e11-25cf-4408-9697-b6e6a3c2079e', '3637b505-eb79-4510-9029-c7b5739c5dc2', '82ed699d-6c7e-499e-b33a-f339fb70110e', 5),
('7c5c62ad-32a8-4246-94b7-ca75d5cbe305', '3637b505-eb79-4510-9029-c7b5739c5dc2', '84b9610c-7407-42f9-9b9c-5395cf3afc21', 5),
('f7791390-c0d8-41bd-91ac-18c11873d40f', '3637b505-eb79-4510-9029-c7b5739c5dc2', '13a05faf-b887-41b7-aec4-35b48967cb9d', 1),
('f7791390-c0d8-41bd-91ac-18c11873d40f', '9b541f67-0815-4539-a890-acad6ab0f9fb', '39c76c46-ede2-4b90-aa0f-c02b550a6367', 2),
('f7791390-c0d8-41bd-91ac-18c11873d40f', '10714ef8-e0d8-4ffc-829c-82d5ab7fd6f9', 'abbd88a4-8e9a-43ba-b48c-0622a1429398', 3),
('f7791390-c0d8-41bd-91ac-18c11873d40f', '914c944e-ab60-4167-825c-6a1e549820a4', '2b97a6b4-70a6-4817-9513-85646fe07f6a', 4),
('f7791390-c0d8-41bd-91ac-18c11873d40f', 'dc731eb1-bdf2-4a41-96d2-66ba74a2c4f3', '8f7f797c-4ed9-4b84-ae77-0ebc02f98bd7', 5),
('f7791390-c0d8-41bd-91ac-18c11873d40f', '6bf8c500-148a-44d2-b811-5f94da6c2813', 'e93a3d7a-fa7f-447a-809a-76dcdc7a9271', 6),
('f7791390-c0d8-41bd-91ac-18c11873d40f', '2f7f3fac-aa1f-4135-bbed-53a1609e4d62', '5522c3dc-98bd-4312-8ae5-41acf12a2277', 7),
('f7791390-c0d8-41bd-91ac-18c11873d40f', '1150e405-0394-40a2-b1d0-22b1a2cdc7bd', '8be4fb29-e598-4ab9-98f6-1e84e1192af1', 8),
('f7791390-c0d8-41bd-91ac-18c11873d40f', '58260112-8759-4173-8bf3-22437b5ec181', '63d1b4b9-8a19-47d0-803b-26f5f8feb083', 9),
('f7791390-c0d8-41bd-91ac-18c11873d40f', 'f76400c4-436e-483f-b9d0-214591034ba2', '9f1d4040-c7ba-45b9-85b4-2d6b0bc2e710', 10),
('78df67c5-b3c9-46a4-9231-b9adb6d62d8a', '3637b505-eb79-4510-9029-c7b5739c5dc2', '82ed699d-6c7e-499e-b33a-f339fb70110e', 1),
('78df67c5-b3c9-46a4-9231-b9adb6d62d8a', '9b541f67-0815-4539-a890-acad6ab0f9fb', '39c76c46-ede2-4b90-aa0f-c02b550a6367', 2),
('78df67c5-b3c9-46a4-9231-b9adb6d62d8a', '10714ef8-e0d8-4ffc-829c-82d5ab7fd6f9', 'f1242bd3-978d-445f-8c71-3bfbd1b641bf', 3),
('78df67c5-b3c9-46a4-9231-b9adb6d62d8a', '914c944e-ab60-4167-825c-6a1e549820a4', 'd877bcac-5900-445c-876c-3607eb4674a9', 4),
('78df67c5-b3c9-46a4-9231-b9adb6d62d8a', 'dc731eb1-bdf2-4a41-96d2-66ba74a2c4f3', '8f7f797c-4ed9-4b84-ae77-0ebc02f98bd7', 5),
('78df67c5-b3c9-46a4-9231-b9adb6d62d8a', '6bf8c500-148a-44d2-b811-5f94da6c2813', 'e93a3d7a-fa7f-447a-809a-76dcdc7a9271', 6),
('78df67c5-b3c9-46a4-9231-b9adb6d62d8a', '2f7f3fac-aa1f-4135-bbed-53a1609e4d62', '5522c3dc-98bd-4312-8ae5-41acf12a2277', 7),
('78df67c5-b3c9-46a4-9231-b9adb6d62d8a', '1150e405-0394-40a2-b1d0-22b1a2cdc7bd', '8be4fb29-e598-4ab9-98f6-1e84e1192af1', 8),
('78df67c5-b3c9-46a4-9231-b9adb6d62d8a', '58260112-8759-4173-8bf3-22437b5ec181', '490d50d7-06bb-4528-bf54-afc08de67f3c', 9),
('78df67c5-b3c9-46a4-9231-b9adb6d62d8a', 'f76400c4-436e-483f-b9d0-214591034ba2', '5255510e-ec83-4829-93b5-36649f040072', 10),
('8a4524b4-be47-4e80-a8d6-2c043c79d440', '3637b505-eb79-4510-9029-c7b5739c5dc2', '82ed699d-6c7e-499e-b33a-f339fb70110e', 1),
('8a4524b4-be47-4e80-a8d6-2c043c79d440', '9b541f67-0815-4539-a890-acad6ab0f9fb', '39c76c46-ede2-4b90-aa0f-c02b550a6367', 2),
('8a4524b4-be47-4e80-a8d6-2c043c79d440', '10714ef8-e0d8-4ffc-829c-82d5ab7fd6f9', 'abbd88a4-8e9a-43ba-b48c-0622a1429398', 3),
('8a4524b4-be47-4e80-a8d6-2c043c79d440', '914c944e-ab60-4167-825c-6a1e549820a4', '1ce35967-7a12-43a2-8e5b-76e3fcac3e2d', 4),
('8a4524b4-be47-4e80-a8d6-2c043c79d440', 'dc731eb1-bdf2-4a41-96d2-66ba74a2c4f3', '8f7f797c-4ed9-4b84-ae77-0ebc02f98bd7', 5),
('8a4524b4-be47-4e80-a8d6-2c043c79d440', '6bf8c500-148a-44d2-b811-5f94da6c2813', 'e93a3d7a-fa7f-447a-809a-76dcdc7a9271', 6),
('8a4524b4-be47-4e80-a8d6-2c043c79d440', '2f7f3fac-aa1f-4135-bbed-53a1609e4d62', '5522c3dc-98bd-4312-8ae5-41acf12a2277', 7),
('8a4524b4-be47-4e80-a8d6-2c043c79d440', '1150e405-0394-40a2-b1d0-22b1a2cdc7bd', '8be4fb29-e598-4ab9-98f6-1e84e1192af1', 8),
('8a4524b4-be47-4e80-a8d6-2c043c79d440', '58260112-8759-4173-8bf3-22437b5ec181', '63d1b4b9-8a19-47d0-803b-26f5f8feb083', 9),
('8a4524b4-be47-4e80-a8d6-2c043c79d440', 'f76400c4-436e-483f-b9d0-214591034ba2', '9f1d4040-c7ba-45b9-85b4-2d6b0bc2e710', 10),
('dbcba1f3-7c7b-4c87-917e-9aa7c085ae4b', '3637b505-eb79-4510-9029-c7b5739c5dc2', '82ed699d-6c7e-499e-b33a-f339fb70110e', 1),
('dbcba1f3-7c7b-4c87-917e-9aa7c085ae4b', '9b541f67-0815-4539-a890-acad6ab0f9fb', '39c76c46-ede2-4b90-aa0f-c02b550a6367', 2),
('dbcba1f3-7c7b-4c87-917e-9aa7c085ae4b', '10714ef8-e0d8-4ffc-829c-82d5ab7fd6f9', 'abbd88a4-8e9a-43ba-b48c-0622a1429398', 3),
('dbcba1f3-7c7b-4c87-917e-9aa7c085ae4b', '914c944e-ab60-4167-825c-6a1e549820a4', 'd62e3ddd-5cb7-4393-a8f9-910bbc8103c5', 4),
('dbcba1f3-7c7b-4c87-917e-9aa7c085ae4b', 'dc731eb1-bdf2-4a41-96d2-66ba74a2c4f3', '8f7f797c-4ed9-4b84-ae77-0ebc02f98bd7', 5),
('dbcba1f3-7c7b-4c87-917e-9aa7c085ae4b', '6bf8c500-148a-44d2-b811-5f94da6c2813', 'e93a3d7a-fa7f-447a-809a-76dcdc7a9271', 6),
('dbcba1f3-7c7b-4c87-917e-9aa7c085ae4b', '2f7f3fac-aa1f-4135-bbed-53a1609e4d62', '5522c3dc-98bd-4312-8ae5-41acf12a2277', 7),
('dbcba1f3-7c7b-4c87-917e-9aa7c085ae4b', '1150e405-0394-40a2-b1d0-22b1a2cdc7bd', '8be4fb29-e598-4ab9-98f6-1e84e1192af1', 8),
('dbcba1f3-7c7b-4c87-917e-9aa7c085ae4b', '58260112-8759-4173-8bf3-22437b5ec181', '63d1b4b9-8a19-47d0-803b-26f5f8feb083', 9),
('dbcba1f3-7c7b-4c87-917e-9aa7c085ae4b', 'f76400c4-436e-483f-b9d0-214591034ba2', '9f1d4040-c7ba-45b9-85b4-2d6b0bc2e710', 10),
('7b337b39-dcdd-4d04-b3c4-9475346e05df', '1150e405-0394-40a2-b1d0-22b1a2cdc7bd', '59295783-426c-4421-bfcd-c45c3c38c0af', 8),
('7b337b39-dcdd-4d04-b3c4-9475346e05df', '58260112-8759-4173-8bf3-22437b5ec181', '44d10459-b64c-4b05-883e-89bc2cfd214b', 9),
('7b337b39-dcdd-4d04-b3c4-9475346e05df', 'f76400c4-436e-483f-b9d0-214591034ba2', '9f1d4040-c7ba-45b9-85b4-2d6b0bc2e710', 10),
('982689fd-f6c2-4cb5-ac79-6bfa2353f7e6', '3b7a5325-7b97-4eb9-b936-30608efecb28', NULL, 16),
('982689fd-f6c2-4cb5-ac79-6bfa2353f7e6', 'c7e51c94-bc0d-46bb-91dd-8d6857b14cdb', NULL, 18),
('982689fd-f6c2-4cb5-ac79-6bfa2353f7e6', 'd6e836d7-c227-45ff-b378-42e7fb9494d6', NULL, 19),
('26ea5855-9196-47c6-827c-48ce227128f2', 'f76400c4-436e-483f-b9d0-214591034ba2', '9f1d4040-c7ba-45b9-85b4-2d6b0bc2e710', 1),
('26ea5855-9196-47c6-827c-48ce227128f2', '094245e1-7b55-4b20-8ecc-2089b5b535bd', '0dc8de96-c2b7-455d-9f54-6c35afc14e6f', 2),
('26ea5855-9196-47c6-827c-48ce227128f2', '1150e405-0394-40a2-b1d0-22b1a2cdc7bd', '8be4fb29-e598-4ab9-98f6-1e84e1192af1', 3),
('26ea5855-9196-47c6-827c-48ce227128f2', '52df48fb-104c-4434-bfec-1d25215a8569', 'e3a63666-4653-45c1-ad78-035f01f3a0b5', 4),
('cd8cca04-ad69-4650-8c0e-4950844d1e35', '3637b505-eb79-4510-9029-c7b5739c5dc2', '13a05faf-b887-41b7-aec4-35b48967cb9d', 1),
('cd8cca04-ad69-4650-8c0e-4950844d1e35', '9b541f67-0815-4539-a890-acad6ab0f9fb', 'ed2d7782-d210-409d-b84a-b1de63983db4', 2),
('cd8cca04-ad69-4650-8c0e-4950844d1e35', '10714ef8-e0d8-4ffc-829c-82d5ab7fd6f9', 'f1242bd3-978d-445f-8c71-3bfbd1b641bf', 3),
('cd8cca04-ad69-4650-8c0e-4950844d1e35', '914c944e-ab60-4167-825c-6a1e549820a4', '1ce35967-7a12-43a2-8e5b-76e3fcac3e2d', 4),
('cd8cca04-ad69-4650-8c0e-4950844d1e35', 'dc731eb1-bdf2-4a41-96d2-66ba74a2c4f3', '8f7f797c-4ed9-4b84-ae77-0ebc02f98bd7', 5),
('cd8cca04-ad69-4650-8c0e-4950844d1e35', '6bf8c500-148a-44d2-b811-5f94da6c2813', 'e93a3d7a-fa7f-447a-809a-76dcdc7a9271', 6),
('cd8cca04-ad69-4650-8c0e-4950844d1e35', '2f7f3fac-aa1f-4135-bbed-53a1609e4d62', '5522c3dc-98bd-4312-8ae5-41acf12a2277', 7),
('cd8cca04-ad69-4650-8c0e-4950844d1e35', '1150e405-0394-40a2-b1d0-22b1a2cdc7bd', '8be4fb29-e598-4ab9-98f6-1e84e1192af1', 8),
('cd8cca04-ad69-4650-8c0e-4950844d1e35', '58260112-8759-4173-8bf3-22437b5ec181', '63d1b4b9-8a19-47d0-803b-26f5f8feb083', 9),
('cd8cca04-ad69-4650-8c0e-4950844d1e35', 'f76400c4-436e-483f-b9d0-214591034ba2', '9f1d4040-c7ba-45b9-85b4-2d6b0bc2e710', 10),
('29006826-7181-4e8d-8df6-8743705d1684', 'f76400c4-436e-483f-b9d0-214591034ba2', '9f1d4040-c7ba-45b9-85b4-2d6b0bc2e710', 1),
('29006826-7181-4e8d-8df6-8743705d1684', '2f7f3fac-aa1f-4135-bbed-53a1609e4d62', '5522c3dc-98bd-4312-8ae5-41acf12a2277', 2),
('29006826-7181-4e8d-8df6-8743705d1684', '914c944e-ab60-4167-825c-6a1e549820a4', '2b97a6b4-70a6-4817-9513-85646fe07f6a', 3),
('29006826-7181-4e8d-8df6-8743705d1684', '10714ef8-e0d8-4ffc-829c-82d5ab7fd6f9', '9c5e3371-25d8-40df-8b36-73e5a7306634', 4),
('29006826-7181-4e8d-8df6-8743705d1684', '9b541f67-0815-4539-a890-acad6ab0f9fb', '39c76c46-ede2-4b90-aa0f-c02b550a6367', 5),
('26ea5855-9196-47c6-827c-48ce227128f2', '58260112-8759-4173-8bf3-22437b5ec181', '63d1b4b9-8a19-47d0-803b-26f5f8feb083', 5),
('c4c0b3cb-b076-4234-aab8-bb131da0cd79', 'd1d424c9-2af9-4776-857a-3e70a80885b7', '48acb454-1efe-4486-9148-033a38c9375b', 1),
('c4c0b3cb-b076-4234-aab8-bb131da0cd79', 'b75dca68-96eb-4f2b-bb06-f8e5a9fc2463', 'db715914-1cf9-4a2f-8a1e-2e89950de0b3', 2),
('dde03e3c-c917-42b0-8a20-24796ba3f99a', '58260112-8759-4173-8bf3-22437b5ec181', '490d50d7-06bb-4528-bf54-afc08de67f3c', 1),
('c4c0b3cb-b076-4234-aab8-bb131da0cd79', '1bdbe8d6-814e-47bf-801b-47628eae03ca', '94f2287b-80fd-4c46-aac9-66c80e831746', 3),
('fc415417-4d2d-437a-a842-3d78e10b4786', '58260112-8759-4173-8bf3-22437b5ec181', '63d1b4b9-8a19-47d0-803b-26f5f8feb083', 1),
('c4c0b3cb-b076-4234-aab8-bb131da0cd79', 'd69ff928-d8db-433b-b3b2-12465cb7f199', 'f3ec6b6a-670b-495a-9d8e-2b35e46c1ee3', 4),
('c4c0b3cb-b076-4234-aab8-bb131da0cd79', 'acf93548-ab56-4d5a-918b-f320ddd8dd89', 'f1334336-3990-44b6-9840-c4cd25d3e096', 5),
('1ccc3521-c6a5-4ac4-94e3-5428d014733c', '58260112-8759-4173-8bf3-22437b5ec181', '44d10459-b64c-4b05-883e-89bc2cfd214b', 1),
('c4c0b3cb-b076-4234-aab8-bb131da0cd79', '2d7cbcc6-076b-4950-8abd-288a6ac986d0', NULL, 6),
('0bcffbd6-3de9-4c58-9309-7cf2afd724ec', '58260112-8759-4173-8bf3-22437b5ec181', '63d1b4b9-8a19-47d0-803b-26f5f8feb083', 1),
('c4c0b3cb-b076-4234-aab8-bb131da0cd79', 'ed58d0b0-baaf-499c-a141-0cfb61a4cf6d', NULL, 7),
('191bc176-e5e4-44d3-b819-897e6c68a990', '58260112-8759-4173-8bf3-22437b5ec181', '63d1b4b9-8a19-47d0-803b-26f5f8feb083', 1),
('ede17619-b11b-41b4-9d45-9d7dda5c5c80', '58260112-8759-4173-8bf3-22437b5ec181', '63d1b4b9-8a19-47d0-803b-26f5f8feb083', 1),
('c4c0b3cb-b076-4234-aab8-bb131da0cd79', '0a6819a6-6ce0-4924-814d-8762f618185b', '1144ce5b-c640-4fdd-ad0b-bbe97d710da5', 8),
('7b1a889c-bd87-44bf-a50f-9bfbca945e8c', 'd69ff928-d8db-433b-b3b2-12465cb7f199', '8abd56dd-d1ad-4538-9a82-8271e5a7aae0', 1),
('7b1a889c-bd87-44bf-a50f-9bfbca945e8c', '9ad92235-37c4-4e95-9e9e-b71d976cc9da', '24c0d291-ce3c-4af1-b4b2-34afde6df8b9', 2),
('ef3c98ca-0611-4ae6-ae76-d684f56cfbb1', '58260112-8759-4173-8bf3-22437b5ec181', '63d1b4b9-8a19-47d0-803b-26f5f8feb083', 1),
('4d9bc226-705f-47be-a11d-f4f9aff711e6', '58260112-8759-4173-8bf3-22437b5ec181', '63d1b4b9-8a19-47d0-803b-26f5f8feb083', 1),
('ccf0f0de-dc06-4cec-bc69-fbe5117c2815', '58260112-8759-4173-8bf3-22437b5ec181', '63d1b4b9-8a19-47d0-803b-26f5f8feb083', 1),
('40afdaac-b544-4979-98aa-0c965dc85681', '1150e405-0394-40a2-b1d0-22b1a2cdc7bd', '0d7f5da9-a5e8-4ca6-aac5-34e5ba3e6a8c', 2),
('818dad66-76be-40ff-8fdd-1e477cfeec93', '1150e405-0394-40a2-b1d0-22b1a2cdc7bd', '59295783-426c-4421-bfcd-c45c3c38c0af', 2),
('24e0517c-5038-430a-a4c8-1fbfefba53ec', '1150e405-0394-40a2-b1d0-22b1a2cdc7bd', '8be4fb29-e598-4ab9-98f6-1e84e1192af1', 2),
('7b1a889c-bd87-44bf-a50f-9bfbca945e8c', '1bdbe8d6-814e-47bf-801b-47628eae03ca', '983db822-5e82-4ff2-948c-f04605a4006d', 3),
('a0023139-dc2c-45d5-9357-24a3265afa06', '1150e405-0394-40a2-b1d0-22b1a2cdc7bd', '8be4fb29-e598-4ab9-98f6-1e84e1192af1', 2),
('7b1a889c-bd87-44bf-a50f-9bfbca945e8c', 'd1d424c9-2af9-4776-857a-3e70a80885b7', '48acb454-1efe-4486-9148-033a38c9375b', 4),
('7b1a889c-bd87-44bf-a50f-9bfbca945e8c', 'b75dca68-96eb-4f2b-bb06-f8e5a9fc2463', 'db715914-1cf9-4a2f-8a1e-2e89950de0b3', 5),
('32215bf5-f76e-40e7-9427-52770c47f968', '1150e405-0394-40a2-b1d0-22b1a2cdc7bd', '8be4fb29-e598-4ab9-98f6-1e84e1192af1', 2),
('7b1a889c-bd87-44bf-a50f-9bfbca945e8c', '2d7cbcc6-076b-4950-8abd-288a6ac986d0', 'ece18bb6-99c3-4faf-a284-a7a9b309cfec', 6),
('63f0766e-42c2-421a-afca-6801a20dcb69', '1150e405-0394-40a2-b1d0-22b1a2cdc7bd', '8be4fb29-e598-4ab9-98f6-1e84e1192af1', 2),
('7b1a889c-bd87-44bf-a50f-9bfbca945e8c', '283cfc75-9583-4a19-be33-872730bf1544', NULL, 7),
('00c6320f-15d4-44f7-8794-7cf67d2ab387', '1150e405-0394-40a2-b1d0-22b1a2cdc7bd', '8be4fb29-e598-4ab9-98f6-1e84e1192af1', 2),
('7b1a889c-bd87-44bf-a50f-9bfbca945e8c', 'ed58d0b0-baaf-499c-a141-0cfb61a4cf6d', NULL, 8),
('7b1a889c-bd87-44bf-a50f-9bfbca945e8c', '0a6819a6-6ce0-4924-814d-8762f618185b', 'd8e5c590-74ff-43df-995b-a185c6b23dee', 9),
('5b07df0e-9fd9-4764-9e1e-a88608f5c5b2', '1150e405-0394-40a2-b1d0-22b1a2cdc7bd', '8be4fb29-e598-4ab9-98f6-1e84e1192af1', 2),
('2e0e1e11-25cf-4408-9697-b6e6a3c2079e', '1150e405-0394-40a2-b1d0-22b1a2cdc7bd', '8be4fb29-e598-4ab9-98f6-1e84e1192af1', 2),
('7c5c62ad-32a8-4246-94b7-ca75d5cbe305', '1150e405-0394-40a2-b1d0-22b1a2cdc7bd', '8be4fb29-e598-4ab9-98f6-1e84e1192af1', 2),
('7b1a889c-bd87-44bf-a50f-9bfbca945e8c', 'acf93548-ab56-4d5a-918b-f320ddd8dd89', 'f1334336-3990-44b6-9840-c4cd25d3e096', 10),
('dde03e3c-c917-42b0-8a20-24796ba3f99a', '6bf8c500-148a-44d2-b811-5f94da6c2813', 'e93a3d7a-fa7f-447a-809a-76dcdc7a9271', 3),
('fc415417-4d2d-437a-a842-3d78e10b4786', '6bf8c500-148a-44d2-b811-5f94da6c2813', 'e93a3d7a-fa7f-447a-809a-76dcdc7a9271', 3),
('1ccc3521-c6a5-4ac4-94e3-5428d014733c', '6bf8c500-148a-44d2-b811-5f94da6c2813', 'f8afc830-d4b0-4d62-845a-490728f5f723', 3),
('0bcffbd6-3de9-4c58-9309-7cf2afd724ec', '6bf8c500-148a-44d2-b811-5f94da6c2813', 'e93a3d7a-fa7f-447a-809a-76dcdc7a9271', 3),
('191bc176-e5e4-44d3-b819-897e6c68a990', '6bf8c500-148a-44d2-b811-5f94da6c2813', 'e93a3d7a-fa7f-447a-809a-76dcdc7a9271', 3),
('ede17619-b11b-41b4-9d45-9d7dda5c5c80', '6bf8c500-148a-44d2-b811-5f94da6c2813', 'e93a3d7a-fa7f-447a-809a-76dcdc7a9271', 3),
('ef3c98ca-0611-4ae6-ae76-d684f56cfbb1', '6bf8c500-148a-44d2-b811-5f94da6c2813', '1ba9f0a7-a80a-4eac-a028-cfe389abbcf2', 3),
('4d9bc226-705f-47be-a11d-f4f9aff711e6', '6bf8c500-148a-44d2-b811-5f94da6c2813', '1ba9f0a7-a80a-4eac-a028-cfe389abbcf2', 3),
('ccf0f0de-dc06-4cec-bc69-fbe5117c2815', '6bf8c500-148a-44d2-b811-5f94da6c2813', 'f8afc830-d4b0-4d62-845a-490728f5f723', 3),
('40afdaac-b544-4979-98aa-0c965dc85681', 'dc731eb1-bdf2-4a41-96d2-66ba74a2c4f3', 'f7607bab-cedc-49b7-8171-6baa442fd425', 4),
('818dad66-76be-40ff-8fdd-1e477cfeec93', 'dc731eb1-bdf2-4a41-96d2-66ba74a2c4f3', 'df80933c-7e91-42f5-bd65-f0dfd51a4f89', 4),
('24e0517c-5038-430a-a4c8-1fbfefba53ec', 'dc731eb1-bdf2-4a41-96d2-66ba74a2c4f3', '8f7f797c-4ed9-4b84-ae77-0ebc02f98bd7', 4),
('a0023139-dc2c-45d5-9357-24a3265afa06', 'dc731eb1-bdf2-4a41-96d2-66ba74a2c4f3', '8f7f797c-4ed9-4b84-ae77-0ebc02f98bd7', 4),
('32215bf5-f76e-40e7-9427-52770c47f968', 'dc731eb1-bdf2-4a41-96d2-66ba74a2c4f3', 'f7607bab-cedc-49b7-8171-6baa442fd425', 4),
('63f0766e-42c2-421a-afca-6801a20dcb69', 'dc731eb1-bdf2-4a41-96d2-66ba74a2c4f3', '8f7f797c-4ed9-4b84-ae77-0ebc02f98bd7', 4),
('00c6320f-15d4-44f7-8794-7cf67d2ab387', 'dc731eb1-bdf2-4a41-96d2-66ba74a2c4f3', '8f7f797c-4ed9-4b84-ae77-0ebc02f98bd7', 4),
('5b07df0e-9fd9-4764-9e1e-a88608f5c5b2', 'dc731eb1-bdf2-4a41-96d2-66ba74a2c4f3', '8f7f797c-4ed9-4b84-ae77-0ebc02f98bd7', 4),
('2e0e1e11-25cf-4408-9697-b6e6a3c2079e', 'dc731eb1-bdf2-4a41-96d2-66ba74a2c4f3', '5cc6d81e-bdaa-4829-a1b0-4a6678f0e7c0', 4),
('7c5c62ad-32a8-4246-94b7-ca75d5cbe305', 'dc731eb1-bdf2-4a41-96d2-66ba74a2c4f3', '5cc6d81e-bdaa-4829-a1b0-4a6678f0e7c0', 4),
('dde03e3c-c917-42b0-8a20-24796ba3f99a', '3637b505-eb79-4510-9029-c7b5739c5dc2', '82ed699d-6c7e-499e-b33a-f339fb70110e', 5),
('fc415417-4d2d-437a-a842-3d78e10b4786', '3637b505-eb79-4510-9029-c7b5739c5dc2', '84b9610c-7407-42f9-9b9c-5395cf3afc21', 5),
('0fd3a5bd-7e8b-4465-8c4d-e6edca9923ac', '58260112-8759-4173-8bf3-22437b5ec181', '63d1b4b9-8a19-47d0-803b-26f5f8feb083', 1),
('0fd3a5bd-7e8b-4465-8c4d-e6edca9923ac', '1150e405-0394-40a2-b1d0-22b1a2cdc7bd', '8be4fb29-e598-4ab9-98f6-1e84e1192af1', 2),
('0fd3a5bd-7e8b-4465-8c4d-e6edca9923ac', '2f7f3fac-aa1f-4135-bbed-53a1609e4d62', '5522c3dc-98bd-4312-8ae5-41acf12a2277', 3),
('0fd3a5bd-7e8b-4465-8c4d-e6edca9923ac', '6bf8c500-148a-44d2-b811-5f94da6c2813', 'e93a3d7a-fa7f-447a-809a-76dcdc7a9271', 4),
('0fd3a5bd-7e8b-4465-8c4d-e6edca9923ac', 'dc731eb1-bdf2-4a41-96d2-66ba74a2c4f3', '8f7f797c-4ed9-4b84-ae77-0ebc02f98bd7', 5),
('0fd3a5bd-7e8b-4465-8c4d-e6edca9923ac', '914c944e-ab60-4167-825c-6a1e549820a4', '2b97a6b4-70a6-4817-9513-85646fe07f6a', 6),
('cbdfcdb3-de98-4a0f-889a-fb75601d3efa', '58260112-8759-4173-8bf3-22437b5ec181', '63d1b4b9-8a19-47d0-803b-26f5f8feb083', 1),
('cbdfcdb3-de98-4a0f-889a-fb75601d3efa', '1150e405-0394-40a2-b1d0-22b1a2cdc7bd', '8be4fb29-e598-4ab9-98f6-1e84e1192af1', 2),
('cbdfcdb3-de98-4a0f-889a-fb75601d3efa', '6bf8c500-148a-44d2-b811-5f94da6c2813', 'e93a3d7a-fa7f-447a-809a-76dcdc7a9271', 3),
('cbdfcdb3-de98-4a0f-889a-fb75601d3efa', 'dc731eb1-bdf2-4a41-96d2-66ba74a2c4f3', '8f7f797c-4ed9-4b84-ae77-0ebc02f98bd7', 4),
('cbdfcdb3-de98-4a0f-889a-fb75601d3efa', '3637b505-eb79-4510-9029-c7b5739c5dc2', '13a05faf-b887-41b7-aec4-35b48967cb9d', 5),
('982689fd-f6c2-4cb5-ac79-6bfa2353f7e6', '91b9a6eb-524d-4863-8f97-07663e9988d8', NULL, 17),
('1ccc3521-c6a5-4ac4-94e3-5428d014733c', '3637b505-eb79-4510-9029-c7b5739c5dc2', '84b9610c-7407-42f9-9b9c-5395cf3afc21', 5),
('0bcffbd6-3de9-4c58-9309-7cf2afd724ec', '3637b505-eb79-4510-9029-c7b5739c5dc2', '82ed699d-6c7e-499e-b33a-f339fb70110e', 5),
('191bc176-e5e4-44d3-b819-897e6c68a990', '3637b505-eb79-4510-9029-c7b5739c5dc2', '84b9610c-7407-42f9-9b9c-5395cf3afc21', 5),
('ede17619-b11b-41b4-9d45-9d7dda5c5c80', '3637b505-eb79-4510-9029-c7b5739c5dc2', 'cc1b6266-84e0-4bca-8221-2bc38175ecd1', 5),
('ef3c98ca-0611-4ae6-ae76-d684f56cfbb1', '3637b505-eb79-4510-9029-c7b5739c5dc2', '84b9610c-7407-42f9-9b9c-5395cf3afc21', 5),
('4d9bc226-705f-47be-a11d-f4f9aff711e6', '3637b505-eb79-4510-9029-c7b5739c5dc2', '82ed699d-6c7e-499e-b33a-f339fb70110e', 5),
('ccf0f0de-dc06-4cec-bc69-fbe5117c2815', '3637b505-eb79-4510-9029-c7b5739c5dc2', 'cc1b6266-84e0-4bca-8221-2bc38175ecd1', 5),
('7b337b39-dcdd-4d04-b3c4-9475346e05df', '6bf8c500-148a-44d2-b811-5f94da6c2813', 'c7a7ba01-aabb-45a6-98cd-86b7c541e522', 6),
('7b337b39-dcdd-4d04-b3c4-9475346e05df', '2f7f3fac-aa1f-4135-bbed-53a1609e4d62', '5522c3dc-98bd-4312-8ae5-41acf12a2277', 7),
('f0825c2e-b89d-4fe3-8fbb-219ea02cb738', 'ec90458e-6a30-4d1f-8669-56259e48c92c', '3afcf2eb-49be-485d-ad42-86d4b2bb46bf', 1),
('f0825c2e-b89d-4fe3-8fbb-219ea02cb738', 'e2b692c8-62cd-4388-89bf-5df8cd404f1a', 'f6763eee-db73-49de-b08d-8bba692d07a9', 2),
('f0825c2e-b89d-4fe3-8fbb-219ea02cb738', 'f7354cd2-60d4-4ad8-8f65-74168f2984c6', '5de1451a-b881-408e-bf52-0fd8f476f839', 3),
('f0825c2e-b89d-4fe3-8fbb-219ea02cb738', '81efcf7f-1a59-4492-8fda-a87d23d225b2', 'e1c9767d-d7ed-4304-83cd-40edba2d6d00', 4),
('f0825c2e-b89d-4fe3-8fbb-219ea02cb738', 'b46256af-2bef-4ebd-b0a6-c68271c7e4c4', 'c18c6b56-7bc2-47fb-906b-11221b8980ac', 6),
('d7b68749-12fb-40b1-a073-e48bdf149624', 'fc0db475-b31b-4071-b5f3-ffafbf97bae1', 'ab0489a2-f3b2-4903-9b92-ee2dc201a8d4', 1),
('d7b68749-12fb-40b1-a073-e48bdf149624', '1c261207-3e3b-4be2-b00d-ed72ac545e6f', '82b259a4-eaec-4422-9bcf-4d26502da9a5', 2),
('52b6587f-c0d4-4669-8de7-38f0e16ce463', '58260112-8759-4173-8bf3-22437b5ec181', '490d50d7-06bb-4528-bf54-afc08de67f3c', 1),
('52b6587f-c0d4-4669-8de7-38f0e16ce463', '9b541f67-0815-4539-a890-acad6ab0f9fb', 'ed2d7782-d210-409d-b84a-b1de63983db4', 2),
('52b6587f-c0d4-4669-8de7-38f0e16ce463', '3637b505-eb79-4510-9029-c7b5739c5dc2', '82ed699d-6c7e-499e-b33a-f339fb70110e', 3),
('52b6587f-c0d4-4669-8de7-38f0e16ce463', '10714ef8-e0d8-4ffc-829c-82d5ab7fd6f9', 'f1242bd3-978d-445f-8c71-3bfbd1b641bf', 4),
('52b6587f-c0d4-4669-8de7-38f0e16ce463', '914c944e-ab60-4167-825c-6a1e549820a4', '1ce35967-7a12-43a2-8e5b-76e3fcac3e2d', 5),
('52b6587f-c0d4-4669-8de7-38f0e16ce463', 'dc731eb1-bdf2-4a41-96d2-66ba74a2c4f3', 'df80933c-7e91-42f5-bd65-f0dfd51a4f89', 6),
('52b6587f-c0d4-4669-8de7-38f0e16ce463', '6bf8c500-148a-44d2-b811-5f94da6c2813', 'c7a7ba01-aabb-45a6-98cd-86b7c541e522', 7),
('52b6587f-c0d4-4669-8de7-38f0e16ce463', '2f7f3fac-aa1f-4135-bbed-53a1609e4d62', '564eb52c-8b49-48b1-927c-7b6e8a5b4e48', 8),
('91546f28-94fa-42fc-a09e-bb7b1e2f6120', '6ffbb722-e5c1-4518-9b32-ac39ef30413e', '5b7cbdae-e850-46cd-be7e-e51e139714cf', 1),
('91546f28-94fa-42fc-a09e-bb7b1e2f6120', 'c959bec9-14c6-4410-870b-d8635df194b3', '40370db0-aa26-42dd-a028-c95a2d763f52', 2),
('91546f28-94fa-42fc-a09e-bb7b1e2f6120', 'b46256af-2bef-4ebd-b0a6-c68271c7e4c4', '376b6022-a9d4-465a-800f-a889efdd017b', 3),
('91546f28-94fa-42fc-a09e-bb7b1e2f6120', 'dfd68f7b-e41a-4e22-abed-be3024fe8462', 'c781987b-0ba8-4b40-8062-62d1080b2447', 4),
('91546f28-94fa-42fc-a09e-bb7b1e2f6120', '1c261207-3e3b-4be2-b00d-ed72ac545e6f', 'e977925f-d0e3-44ea-9f6d-95597f287f76', 5),
('91546f28-94fa-42fc-a09e-bb7b1e2f6120', 'fc0db475-b31b-4071-b5f3-ffafbf97bae1', 'ab0489a2-f3b2-4903-9b92-ee2dc201a8d4', 6),
('91546f28-94fa-42fc-a09e-bb7b1e2f6120', '81efcf7f-1a59-4492-8fda-a87d23d225b2', 'e1c9767d-d7ed-4304-83cd-40edba2d6d00', 7),
('91546f28-94fa-42fc-a09e-bb7b1e2f6120', 'f7354cd2-60d4-4ad8-8f65-74168f2984c6', '5de1451a-b881-408e-bf52-0fd8f476f839', 8),
('91546f28-94fa-42fc-a09e-bb7b1e2f6120', 'ec90458e-6a30-4d1f-8669-56259e48c92c', '3afcf2eb-49be-485d-ad42-86d4b2bb46bf', 9),
('91546f28-94fa-42fc-a09e-bb7b1e2f6120', 'e2b692c8-62cd-4388-89bf-5df8cd404f1a', 'f6763eee-db73-49de-b08d-8bba692d07a9', 10),
('d7b68749-12fb-40b1-a073-e48bdf149624', 'c959bec9-14c6-4410-870b-d8635df194b3', 'cc67774d-5325-4f5b-9d85-c08e033d2292', 3),
('d7b68749-12fb-40b1-a073-e48bdf149624', 'b46256af-2bef-4ebd-b0a6-c68271c7e4c4', '376b6022-a9d4-465a-800f-a889efdd017b', 4),
('d7b68749-12fb-40b1-a073-e48bdf149624', '6ffbb722-e5c1-4518-9b32-ac39ef30413e', '5b7cbdae-e850-46cd-be7e-e51e139714cf', 5),
('777062cf-e825-4c56-9f72-5a5055b82d2f', '3b7a5325-7b97-4eb9-b936-30608efecb28', NULL, 1),
('777062cf-e825-4c56-9f72-5a5055b82d2f', 'a1daf306-0d0f-4f12-a543-51cc5088099e', NULL, 2),
('777062cf-e825-4c56-9f72-5a5055b82d2f', 'c0c5e120-7f4c-4476-9293-047bdcbfdadc', NULL, 3),
('777062cf-e825-4c56-9f72-5a5055b82d2f', 'd6e836d7-c227-45ff-b378-42e7fb9494d6', NULL, 4),
('777062cf-e825-4c56-9f72-5a5055b82d2f', '9c785eea-a721-4446-90b1-fca105daa590', NULL, 5),
('777062cf-e825-4c56-9f72-5a5055b82d2f', '899b8a50-0c0b-4b6e-b109-d2c10430eb85', NULL, 6),
('777062cf-e825-4c56-9f72-5a5055b82d2f', 'ef8e6273-8d74-4688-94c5-b7d5bedc6b20', NULL, 7),
('777062cf-e825-4c56-9f72-5a5055b82d2f', 'f64429fc-a353-41c6-9d15-75f5a8ad33e7', NULL, 8),
('777062cf-e825-4c56-9f72-5a5055b82d2f', 'e9e7173c-b205-4cd6-bcd1-13754d094a5c', NULL, 9),
('777062cf-e825-4c56-9f72-5a5055b82d2f', 'c7e51c94-bc0d-46bb-91dd-8d6857b14cdb', NULL, 10),
('777062cf-e825-4c56-9f72-5a5055b82d2f', '6b6c7489-cd33-4a69-96c3-97711222018a', NULL, 11),
('777062cf-e825-4c56-9f72-5a5055b82d2f', '157ed4f4-7ec8-4b36-adff-c051940a0bd3', NULL, 12),
('777062cf-e825-4c56-9f72-5a5055b82d2f', '446ba4d7-0c75-4da8-b930-67e611896235', NULL, 13),
('777062cf-e825-4c56-9f72-5a5055b82d2f', 'ae7f5364-c8f8-431e-ba3b-319142ce3548', NULL, 14),
('777062cf-e825-4c56-9f72-5a5055b82d2f', '91b9a6eb-524d-4863-8f97-07663e9988d8', NULL, 15),
('777062cf-e825-4c56-9f72-5a5055b82d2f', '234db83d-8b1d-40e1-b03e-e07160ab7612', NULL, 16),
('777062cf-e825-4c56-9f72-5a5055b82d2f', 'ec49c5dc-04e9-4be5-b213-5da28820dfb8', NULL, 17),
('777062cf-e825-4c56-9f72-5a5055b82d2f', '30cc196d-aadc-41da-bdec-e81156d83ac5', NULL, 18),
('777062cf-e825-4c56-9f72-5a5055b82d2f', 'bb174e56-5650-4f65-9524-786dfa805701', NULL, 19),
('4734715d-35c4-4d4e-a9d4-65e859118c3b', '446ba4d7-0c75-4da8-b930-67e611896235', '18fd05ee-ed39-49d0-870d-a6aa10c178af', 1),
('4734715d-35c4-4d4e-a9d4-65e859118c3b', 'a1daf306-0d0f-4f12-a543-51cc5088099e', '913a6357-2cb8-4b6f-a744-a96338b35c9c', 2),
('4734715d-35c4-4d4e-a9d4-65e859118c3b', '3b7a5325-7b97-4eb9-b936-30608efecb28', 'dcc0adca-c736-4628-945a-acafd14085f2', 3),
('4734715d-35c4-4d4e-a9d4-65e859118c3b', 'ec49c5dc-04e9-4be5-b213-5da28820dfb8', '6903ac68-6a4d-4109-ad01-5738d88e0ae5', 4),
('4734715d-35c4-4d4e-a9d4-65e859118c3b', 'f64429fc-a353-41c6-9d15-75f5a8ad33e7', '44af2a3a-9394-4643-af1e-7196fa480534', 5),
('4734715d-35c4-4d4e-a9d4-65e859118c3b', 'ae7f5364-c8f8-431e-ba3b-319142ce3548', '8a85e59c-d5ff-4023-9155-bb713a845ae2', 7),
('4734715d-35c4-4d4e-a9d4-65e859118c3b', 'e9e7173c-b205-4cd6-bcd1-13754d094a5c', 'dcc841ab-c5bd-4f9e-a005-bf15313c4175', 8),
('4734715d-35c4-4d4e-a9d4-65e859118c3b', '91b9a6eb-524d-4863-8f97-07663e9988d8', NULL, 9),
('4734715d-35c4-4d4e-a9d4-65e859118c3b', 'd6e836d7-c227-45ff-b378-42e7fb9494d6', NULL, 10),
('f0825c2e-b89d-4fe3-8fbb-219ea02cb738', 'dfd68f7b-e41a-4e22-abed-be3024fe8462', 'f1f09f2d-781a-4256-83bd-fae82aef3a45', 5),
('4734715d-35c4-4d4e-a9d4-65e859118c3b', 'c0c5e120-7f4c-4476-9293-047bdcbfdadc', '4615d6f0-d621-45d0-a146-fc02f6dc12bd', 6);

INSERT INTO luuVetBaiLamKiemTra ("email", "ma_deKiemTra", "ma_cauHoi", "ma_dapAnChon") VALUES
('nguyenhuyhoang@gmail.com', 'b4d85032-7f85-4f83-aba7-acefcaa9fb1d', '3637b505-eb79-4510-9029-c7b5739c5dc2', '13a05faf-b887-41b7-aec4-35b48967cb9d'),
('nguyenhuyhoang@gmail.com', 'b4d85032-7f85-4f83-aba7-acefcaa9fb1d', '9b541f67-0815-4539-a890-acad6ab0f9fb', 'cfd72e7b-37eb-400e-a2fe-5ba2e5374a29'),
('nguyenhuyhoang@gmail.com', 'b4d85032-7f85-4f83-aba7-acefcaa9fb1d', '10714ef8-e0d8-4ffc-829c-82d5ab7fd6f9', '9c5e3371-25d8-40df-8b36-73e5a7306634'),
('nguyenhuyhoang@gmail.com', 'b4d85032-7f85-4f83-aba7-acefcaa9fb1d', '914c944e-ab60-4167-825c-6a1e549820a4', '1ce35967-7a12-43a2-8e5b-76e3fcac3e2d'),
('nguyenhuyhoang@gmail.com', 'b4d85032-7f85-4f83-aba7-acefcaa9fb1d', 'dc731eb1-bdf2-4a41-96d2-66ba74a2c4f3', '8f7f797c-4ed9-4b84-ae77-0ebc02f98bd7'),
('nguyenhuyhoang@gmail.com', 'b4d85032-7f85-4f83-aba7-acefcaa9fb1d', '6bf8c500-148a-44d2-b811-5f94da6c2813', 'c7a7ba01-aabb-45a6-98cd-86b7c541e522'),
('nguyenhuyhoang@gmail.com', 'b4d85032-7f85-4f83-aba7-acefcaa9fb1d', '2f7f3fac-aa1f-4135-bbed-53a1609e4d62', '5522c3dc-98bd-4312-8ae5-41acf12a2277'),
('nguyenhuyhoang@gmail.com', 'b4d85032-7f85-4f83-aba7-acefcaa9fb1d', '1150e405-0394-40a2-b1d0-22b1a2cdc7bd', '59295783-426c-4421-bfcd-c45c3c38c0af'),
('nguyenhuyhoang@gmail.com', 'b4d85032-7f85-4f83-aba7-acefcaa9fb1d', '58260112-8759-4173-8bf3-22437b5ec181', '44d10459-b64c-4b05-883e-89bc2cfd214b'),
('nguyenhuyhoang@gmail.com', 'b4d85032-7f85-4f83-aba7-acefcaa9fb1d', 'f76400c4-436e-483f-b9d0-214591034ba2', '9f1d4040-c7ba-45b9-85b4-2d6b0bc2e710'),
('nguyenhuyhoang@gmail.com', '4418cc81-45d2-4fd3-a520-6f9b01245033', '58260112-8759-4173-8bf3-22437b5ec181', '490d50d7-06bb-4528-bf54-afc08de67f3c'),
('nguyenhuyhoang@gmail.com', '4418cc81-45d2-4fd3-a520-6f9b01245033', '9b541f67-0815-4539-a890-acad6ab0f9fb', 'ed2d7782-d210-409d-b84a-b1de63983db4'),
('nguyenhuyhoang@gmail.com', '4418cc81-45d2-4fd3-a520-6f9b01245033', '3637b505-eb79-4510-9029-c7b5739c5dc2', '82ed699d-6c7e-499e-b33a-f339fb70110e'),
('nguyenhuyhoang@gmail.com', '4418cc81-45d2-4fd3-a520-6f9b01245033', '10714ef8-e0d8-4ffc-829c-82d5ab7fd6f9', 'f1242bd3-978d-445f-8c71-3bfbd1b641bf'),
('nguyenhuyhoang@gmail.com', '4418cc81-45d2-4fd3-a520-6f9b01245033', '914c944e-ab60-4167-825c-6a1e549820a4', '1ce35967-7a12-43a2-8e5b-76e3fcac3e2d'),
('nguyenhuyhoang@gmail.com', '4418cc81-45d2-4fd3-a520-6f9b01245033', 'dc731eb1-bdf2-4a41-96d2-66ba74a2c4f3', 'df80933c-7e91-42f5-bd65-f0dfd51a4f89'),
('nguyenhuyhoang@gmail.com', '4418cc81-45d2-4fd3-a520-6f9b01245033', '6bf8c500-148a-44d2-b811-5f94da6c2813', 'c7a7ba01-aabb-45a6-98cd-86b7c541e522'),
('nguyenhuyhoang@gmail.com', '4418cc81-45d2-4fd3-a520-6f9b01245033', '2f7f3fac-aa1f-4135-bbed-53a1609e4d62', '564eb52c-8b49-48b1-927c-7b6e8a5b4e48');